timestamp,value,is_anomaly
0,0.030762488,0
1,0.030849618,0
2,0.031174978,0
3,0.033182941,0
4,0.033158441,0
5,0.032506046,0
6,0.033016408,0
7,0.031949081,0
8,0.031957939,0
9,0.032460073,0
10,0.033444815,0
11,0.0330978,0
12,0.032461197,0
13,0.034516803,0
14,0.035475446,0
15,0.036096025,0
16,0.036665908,0
17,0.037945223,0
18,0.03921465,0
19,0.039075474,0
20,0.040632588,0
21,0.043005516,0
22,0.045315205,0
23,0.046803772,0
24,0.048152878,0
25,0.051087457,0
26,0.053613896,0
27,0.056513864,0
28,0.05938138,0
29,0.062016694,0
30,0.067023338,0
31,0.070530021,0
32,0.073177794,0
33,0.076188606,0
34,0.079849957,0
35,0.082763232,0
36,0.08613176,0
37,0.089632334,0
38,0.092263889,0
39,0.093894914,0
40,0.097730378,0
41,0.10063822,0
42,0.10415149,0
43,0.10793382,0
44,0.11050148,0
45,0.11335895,0
46,0.11623021,0
47,0.1172408,0
48,0.11901169,0
49,0.11887613,0
50,0.12001873,0
51,0.11925533,0
52,0.12016746,0
53,0.1192121,0
54,0.11788949,0
55,0.11682731,0
56,0.11686003,0
57,0.11491344,0
58,0.11250572,0
59,0.11109116,0
60,0.10816686,0
61,0.10538014,0
62,0.10376697,0
63,0.1008011,0
64,0.097312235,0
65,0.093338844,0
66,0.089733903,0
67,0.086355428,0
68,0.082699346,0
69,0.079768495,0
70,0.076304922,0
71,0.071503971,0
72,0.067827416,0
73,0.063702026,0
74,0.06118092,0
75,0.059143949,0
76,0.055545043,0
77,0.05299069,0
78,0.051059674,0
79,0.048672819,0
80,0.04827981,0
81,0.046605151,0
82,0.044924506,0
83,0.044726267,0
84,0.043156517,0
85,0.042138641,0
86,0.042891723,0
87,0.043194481,0
88,0.044437741,0
89,0.046005906,0
90,0.048375132,0
91,0.049590435,0
92,0.052418631,0
93,0.05466993,0
94,0.056851896,0
95,0.059403434,0
96,0.061790622,0
97,0.063967385,0
98,0.066585115,0
99,0.06833842,0
100,0.071696396,0
101,0.073728274,0
102,0.076905715,0
103,0.077727027,0
104,0.07919719,0
105,0.080062313,0
106,0.080895284,0
107,0.079461469,0
108,0.078288332,0
109,0.077317924,0
110,0.074559904,0
111,0.072379747,0
112,0.069817553,0
113,0.067349146,0
114,0.065740659,0
115,0.062387077,0
116,0.060466202,0
117,0.056550057,0
118,0.054454557,0
119,0.051945784,0
120,0.0481029,0
121,0.047148992,0
122,0.046691122,0
123,0.044472818,0
124,0.043496238,0
125,0.042144961,0
126,0.040982615,0
127,0.039977981,0
128,0.038516002,0
129,0.037784051,0
130,0.037744266,0
131,0.036446686,0
132,0.03645642,0
133,0.037243013,0
134,0.038033376,0
135,0.039100302,0
136,0.039651522,0
137,0.0393308,0
138,0.039741315,0
139,0.039259917,0
140,0.040255497,0
141,0.040800624,0
142,0.040824308,0
143,0.040625064,0
144,0.041560205,0
145,0.042844651,0
146,0.042546334,0
147,0.04351129,0
148,0.043535604,0
149,0.043407262,0
150,0.042887256,0
151,0.041940757,0
152,0.041998408,0
153,0.041624888,0
154,0.040329756,0
155,0.040560388,0
156,0.039632599,0
157,0.039704944,0
158,0.039241278,0
159,0.039334566,0
160,0.04034166,0
161,0.040556344,0
162,0.041591643,0
163,0.041222675,0
164,0.041558477,0
165,0.04114733,0
166,0.040422313,0
167,0.03977732,0
168,0.041964538,0
169,0.042007855,0
170,0.041922148,0
171,0.042020279,0
172,0.040518097,0
173,0.040408644,0
174,0.040843602,0
175,0.040233779,0
176,0.039491708,0
177,0.038781057,0
178,0.038583092,0
179,0.038945083,0
180,0.039181998,0
181,0.0397302,0
182,0.040169648,0
183,0.038797487,0
184,0.038413567,0
185,0.037732718,0
186,0.038135744,0
187,0.037546551,0
188,0.038435521,0
189,0.037658167,0
190,0.038126454,0
191,0.037753149,0
192,0.037686308,0
193,0.03843618,0
194,0.037869428,0
195,0.036056145,0
196,0.035663081,0
197,0.03607185,0
198,0.037743415,0
199,0.037778457,0
200,0.037986822,0
201,0.038840341,0
202,0.03919729,0
203,0.039734329,0
204,0.038872565,0
205,0.040379032,0
206,0.040762226,0
207,0.041388482,0
208,0.041067405,0
209,0.040666736,0
210,0.041182714,0
211,0.041980753,0
212,0.042916335,0
213,0.042448198,0
214,0.043318051,0
215,0.042654119,0
216,0.043302943,0
217,0.043461642,0
218,0.04416446,0
219,0.043107873,0
220,0.042577459,0
221,0.041161642,0
222,0.041785321,0
223,0.043331384,0
224,0.043502505,0
225,0.044440299,0
226,0.04535205,0
227,0.045594414,0
228,0.046020742,0
229,0.045500115,0
230,0.045499508,0
231,0.045795838,0
232,0.046043841,0
233,0.046452879,0
234,0.047752163,0
235,0.047909855,0
236,0.04918351,0
237,0.0509881,0
238,0.053589807,0
239,0.056712199,0
240,0.060030851,0
241,0.061873758,0
242,0.065510033,0
243,0.067765653,0
244,0.070382417,0
245,0.074551153,0
246,0.080028709,0
247,0.08367843,0
248,0.088389146,0
249,0.091348888,0
250,0.095716025,0
251,0.099192968,0
252,0.10256614,0
253,0.10590809,0
254,0.10856414,0
255,0.112858,0
256,0.11572791,0
257,0.11734639,0
258,0.11826051,0
259,0.11982731,0
260,0.12270686,0
261,0.12447125,0
262,0.12481602,0
263,0.12522291,0
264,0.12576033,0
265,0.12551334,0
266,0.12390087,0
267,0.12349194,0
268,0.12402123,0
269,0.12238434,0
270,0.12013309,0
271,0.1183533,0
272,0.11876141,0
273,0.11630897,0
274,0.11304605,0
275,0.11022921,0
276,0.10682599,0
277,0.10366029,0
278,0.10069473,0
279,0.098580738,0
280,0.097435767,0
281,0.095674903,0
282,0.092261068,0
283,0.089536884,0
284,0.086341415,0
285,0.083999345,0
286,0.081934257,0
287,0.078722607,0
288,0.07646785,0
289,0.074207201,0
290,0.069404205,0
291,0.066926781,0
292,0.065483772,0
293,0.061650657,0
294,0.060707905,0
295,0.058189204,0
296,0.056825008,0
297,0.05455033,0
298,0.053469428,0
299,0.052049436,0
300,0.0502852,0
301,0.049939996,0
302,0.050699667,0
303,0.050792298,0
304,0.052191295,0
305,0.054975564,0
306,0.056455605,0
307,0.058968887,0
308,0.062068126,0
309,0.065373534,0
310,0.068612545,0
311,0.072098999,0
312,0.074469682,0
313,0.076935537,0
314,0.080305031,0
315,0.082365302,0
316,0.085363935,0
317,0.089474319,0
318,0.091196988,0
319,0.091799917,0
320,0.093432308,0
321,0.096378299,0
322,0.0972314,0
323,0.095735224,0
324,0.095162517,0
325,0.095605749,0
326,0.09396736,0
327,0.092139897,0
328,0.089263639,0
329,0.087212792,0
330,0.083841469,0
331,0.08149564,0
332,0.077226182,0
333,0.074930648,0
334,0.070847228,0
335,0.068979158,0
336,0.066074475,0
337,0.06179979,0
338,0.060474471,0
339,0.056856426,0
340,0.054425499,0
341,0.052404344,0
342,0.051115005,0
343,0.049960303,0
344,0.049495214,0
345,0.047899781,0
346,0.046633641,0
347,0.045107437,0
348,0.044472943,0
349,0.043738248,0
350,0.043176033,0
351,0.043865245,0
352,0.044514804,0
353,0.044576609,0
354,0.044946938,0
355,0.044839773,0
356,0.043257514,0
357,0.042996454,0
358,0.042759876,0
359,0.042966082,0
360,0.043150538,0
361,0.043003682,0
362,0.042635494,0
363,0.043274204,0
364,0.04387554,0
365,0.042883094,0
366,0.042743192,0
367,0.041806219,0
368,0.041919847,0
369,0.041111457,0
370,0.042234594,0
371,0.042160275,0
372,0.040843329,0
373,0.040410398,0
374,0.040517042,0
375,0.040904948,0
376,0.038861605,0
377,0.039300325,0
378,0.038688652,0
379,0.038907361,0
380,0.040138121,0
381,0.039475449,0
382,0.037846273,0
383,0.037640039,0
384,0.037562571,0
385,0.039191213,0
386,0.03855316,0
387,0.038118137,0
388,0.038783388,0
389,0.03652476,0
390,0.037211069,0
391,0.03764838,0
392,0.037683408,0
393,0.036337893,0
394,0.034966861,0
395,0.035377384,0
396,0.035002667,0
397,0.036668762,0
398,0.036488906,0
399,0.037657515,0
400,0.037073296,0
401,0.036733683,0
402,0.03695019,0
403,0.036327401,0
404,0.0375335,0
405,0.037624403,0
406,0.037171668,0
407,0.037992461,0
408,0.038193037,0
409,0.037907926,0
410,0.03716355,0
411,0.037323735,0
412,0.037072153,0
413,0.036570774,0
414,0.034943192,0
415,0.035049176,0
416,0.034532647,0
417,0.035389324,0
418,0.035135468,0
419,0.036022439,0
420,0.03644308,0
421,0.034934678,0
422,0.033952171,0
423,0.033492077,0
424,0.032865141,0
425,0.031683202,0
426,0.030787009,0
427,0.032484197,0
428,0.032667614,0
429,0.032849513,0
430,0.033455197,0
431,0.031874442,0
432,0.032878085,0
433,0.033081757,0
434,0.034090124,0
435,0.03389002,0
436,0.032596225,0
437,0.032373342,0
438,0.033364156,0
439,0.034615956,0
440,0.034759324,0
441,0.03478856,0
442,0.033786057,0
443,0.035365232,0
444,0.036446182,0
445,0.038066472,0
446,0.038162795,0
447,0.039143479,0
448,0.039216961,0
449,0.040100901,0
450,0.039535429,0
451,0.040650279,0
452,0.041935996,0
453,0.044027445,0
454,0.045759528,0
455,0.046790723,0
456,0.049493253,0
457,0.051652232,0
458,0.054064811,0
459,0.055782627,0
460,0.058521798,0
461,0.062765963,0
462,0.067369047,0
463,0.070957235,0
464,0.075435597,0
465,0.080830084,0
466,0.085294834,0
467,0.090468206,0
468,0.09416829,0
469,0.097426497,0
470,0.099475144,0
471,0.10364651,0
472,0.10841178,0
473,0.11266567,0
474,0.11650139,0
475,0.12059809,0
476,0.12444141,0
477,0.12759639,0
478,0.12855796,0
479,0.13093339,0
480,0.13283143,0
481,0.13277022,0
482,0.13455493,0
483,0.1344073,0
484,0.13462343,0
485,0.13413151,0
486,0.13286661,0
487,0.13224326,0
488,0.13206843,0
489,0.12918708,0
490,0.12629983,0
491,0.12501051,0
492,0.12219864,0
493,0.12065574,0
494,0.11755654,0
495,0.11414512,0
496,0.11142908,0
497,0.10940344,0
498,0.10674972,0
499,0.10406793,0
500,0.10068399,0
501,0.098128448,0
502,0.095894576,0
503,0.093128825,0
504,0.088870529,0
505,0.084727369,0
506,0.080473875,0
507,0.075838927,0
508,0.072509487,0
509,0.069461192,0
510,0.067325325,0
511,0.06454349,0
512,0.061018869,0
513,0.056607107,0
514,0.054930069,0
515,0.052811861,0
516,0.050756584,0
517,0.049016834,0
518,0.048414977,0
519,0.04783255,0
520,0.050481783,0
521,0.050537856,0
522,0.051087209,0
523,0.051768042,0
524,0.053092339,0
525,0.054854635,0
526,0.056631297,0
527,0.059137103,0
528,0.061330149,0
529,0.065012811,0
530,0.067711039,0
531,0.070782543,0
532,0.075776267,0
533,0.077926191,0
534,0.081339155,0
535,0.084745323,0
536,0.08672073,0
537,0.089747944,0
538,0.092196309,0
539,0.092706094,0
540,0.09405405,0
541,0.094714338,0
542,0.094743993,0
543,0.094444924,0
544,0.093702843,0
545,0.09151944,0
546,0.090716719,0
547,0.087879001,0
548,0.083201592,0
549,0.079600568,0
550,0.077048447,0
551,0.074247387,0
552,0.070698943,0
553,0.066988028,0
554,0.063459447,0
555,0.059783262,0
556,0.057777587,0
557,0.056848086,0
558,0.055238989,0
559,0.053781016,0
560,0.051195721,0
561,0.049665733,0
562,0.047984374,0
563,0.047592971,0
564,0.047291373,0
565,0.046433212,0
566,0.045193793,0
567,0.044267374,0
568,0.043680295,0
569,0.042433049,0
570,0.042779125,0
571,0.04004532,0
572,0.041228372,0
573,0.040232787,0
574,0.039391763,0
575,0.039029199,0
576,0.038564535,0
577,0.038632062,0
578,0.038521567,0
579,0.03828092,0
580,0.038353444,0
581,0.038104374,0
582,0.037485333,0
583,0.036330864,0
584,0.03686497,0
585,0.035611343,0
586,0.034775228,0
587,0.035487131,0
588,0.035394779,0
589,0.034449009,0
590,0.03459005,0
591,0.035995854,0
592,0.036168731,0
593,0.035968599,0
594,0.036185116,0
595,0.035462139,0
596,0.036147473,0
597,0.035534951,0
598,0.034302139,0
599,0.034753741,0
600,0.034958047,0
601,0.033828451,0
602,0.03394425,0
603,0.0340178,0
604,0.033015319,0
605,0.034403974,0
606,0.034916909,0
607,0.035238674,0
608,0.034168053,0
609,0.033762563,0
610,0.034938598,0
611,0.035217393,0
612,0.034379175,0
613,0.034440346,0
614,0.03365742,0
615,0.032878168,0
616,0.032324617,0
617,0.033310126,0
618,0.032850979,0
619,0.033389295,0
620,0.034120968,0
621,0.033956113,0
622,0.035219482,0
623,0.034142905,0
624,0.034602099,0
625,0.035933849,0
626,0.036276061,0
627,0.037073253,0
628,0.035692859,0
629,0.037781299,0
630,0.039249301,0
631,0.038786372,0
632,0.039214433,0
633,0.040244284,0
634,0.039376947,0
635,0.037733663,0
636,0.038729185,0
637,0.038870535,0
638,0.038465111,0
639,0.037660879,0
640,0.038075777,0
641,0.037188382,0
642,0.035697071,0
643,0.035442049,0
644,0.035923452,0
645,0.035873965,0
646,0.035494647,0
647,0.035131789,0
648,0.034959613,0
649,0.037169556,0
650,0.038861596,0
651,0.039296119,0
652,0.039448314,0
653,0.039267214,0
654,0.039191183,0
655,0.04034436,0
656,0.038632131,0
657,0.039194525,0
658,0.037515294,0
659,0.037566014,0
660,0.03929697,0
661,0.038472236,0
662,0.038638497,0
663,0.039177813,0
664,0.040296622,0
665,0.04097977,0
666,0.043595568,0
667,0.045339118,0
668,0.046365985,0
669,0.049520603,0
670,0.050981949,0
671,0.051983486,0
672,0.054629391,0
673,0.057019867,0
674,0.0610703,0
675,0.064324701,0
676,0.066614655,0
677,0.069807966,0
678,0.073319503,0
679,0.078769115,0
680,0.080842762,0
681,0.083992741,0
682,0.088730357,0
683,0.091777309,0
684,0.094741428,0
685,0.099700672,0
686,0.10464178,0
687,0.10911053,0
688,0.11285817,0
689,0.11666785,0
690,0.12003051,0
691,0.12279272,0
692,0.12587429,0
693,0.12903501,0
694,0.13099492,0
695,0.13205741,0
696,0.13320878,0
697,0.13409279,0
698,0.134553,0
699,0.13456908,0
700,0.13221585,0
701,0.13077339,0
702,0.12999952,0
703,0.1293294,0
704,0.12718533,0
705,0.12561909,0
706,0.12319381,0
707,0.12159846,0
708,0.1188807,0
709,0.11761351,0
710,0.11412399,0
711,0.11029345,0
712,0.10644478,0
713,0.10305182,0
714,0.10060677,0
715,0.096850397,0
716,0.092936063,0
717,0.089497373,0
718,0.085456429,0
719,0.081477127,0
720,0.078382328,0
721,0.075541081,0
722,0.073186741,0
723,0.069662106,0
724,0.067019508,0
725,0.063892755,0
726,0.061264686,0
727,0.059561489,0
728,0.0579225,0
729,0.05675818,0
730,0.056122286,0
731,0.055524567,0
732,0.056393736,0
733,0.056047324,0
734,0.055412603,0
735,0.05680217,0
736,0.059682533,0
737,0.06159231,0
738,0.06337669,0
739,0.066173372,0
740,0.068350312,0
741,0.071184263,0
742,0.074066949,0
743,0.077864192,0
744,0.080400007,0
745,0.084572302,0
746,0.087525107,0
747,0.090683056,0
748,0.093406119,0
749,0.096411258,0
750,0.098549087,0
751,0.10127518,0
752,0.10496116,0
753,0.10557482,0
754,0.10562047,0
755,0.10572129,0
756,0.10572715,0
757,0.10407665,0
758,0.10356462,0
759,0.10047469,0
760,0.098370793,0
761,0.097212603,0
762,0.095187797,0
763,0.09162648,0
764,0.089273137,0
765,0.086107242,0
766,0.082339951,0
767,0.079523784,0
768,0.074902834,0
769,0.072677964,0
770,0.070563609,0
771,0.06645306,0
772,0.063574322,0
773,0.061260054,0
774,0.059408598,0
775,0.057168793,0
776,0.055605589,0
777,0.054612054,0
778,0.052466934,0
779,0.05196559,0
780,0.050968525,0
781,0.049866537,0
782,0.049221322,0
783,0.046881872,0
784,0.04757918,0
785,0.048541931,0
786,0.048827892,0
787,0.047258297,0
788,0.04715787,0
789,0.047628038,0
790,0.048272875,0
791,0.048339426,0
792,0.048965855,0
793,0.049783216,0
794,0.050051398,0
795,0.049994448,0
796,0.049729695,0
797,0.050449614,0
798,0.050888877,0
799,0.051168976,0
800,0.05157546,0
801,0.052012533,0
802,0.052070492,0
803,0.049765854,0
804,0.050141976,0
805,0.050267819,0
806,0.050991921,0
807,0.051618769,0
808,0.051312314,0
809,0.049364412,0
810,0.04947642,0
811,0.049100354,0
812,0.047908204,0
813,0.046356629,0
814,0.047764537,0
815,0.04705962,0
816,0.045912688,0
817,0.045346182,0
818,0.045348587,0
819,0.045180634,0
820,0.045067694,0
821,0.045044987,0
822,0.04464884,0
823,0.043139081,0
824,0.04379902,0
825,0.043790377,0
826,0.044514284,0
827,0.044384427,0
828,0.04403741,0
829,0.044753617,0
830,0.04486157,0
831,0.045064666,0
832,0.044356372,0
833,0.044941618,0
834,0.045680614,0
835,0.044405405,0
836,0.044440464,0
837,0.043328354,0
838,0.043526452,0
839,0.044713773,0
840,0.043920214,0
841,0.042832825,0
842,0.04288595,0
843,0.043502522,0
844,0.04351091,0
845,0.043386776,0
846,0.042703227,0
847,0.043135461,0
848,0.042786278,0
849,0.041370388,0
850,0.041941398,0
851,0.040802006,0
852,0.039933642,0
853,0.039714703,0
854,0.039233434,0
855,0.038711014,0
856,0.038901925,0
857,0.038652241,0
858,0.037489192,0
859,0.038836621,0
860,0.039600205,0
861,0.040405103,0
862,0.040518565,0
863,0.039937244,0
864,0.040551011,0
865,0.03965906,0
866,0.039810894,0
867,0.040267681,0
868,0.04155675,0
869,0.041730294,0
870,0.042269283,0
871,0.041167446,0
872,0.040645691,0
873,0.042208104,0
874,0.042933989,0
875,0.042268826,0
876,0.041867242,0
877,0.041944108,0
878,0.042482354,0
879,0.042886933,0
880,0.043883392,0
881,0.04348601,0
882,0.044452981,0
883,0.046017857,0
884,0.046477288,0
885,0.048634575,0
886,0.05110477,0
887,0.053442147,0
888,0.056172078,0
889,0.059210236,0
890,0.060316283,0
891,0.06267559,0
892,0.066590815,0
893,0.070102063,0
894,0.073115697,0
895,0.075928257,0
896,0.079267761,0
897,0.083196914,0
898,0.085970359,0
899,0.089603166,0
900,0.095015283,0
901,0.098184347,0
902,0.10278375,0
903,0.10694529,0
904,0.11156598,0
905,0.11502937,0
906,0.1180507,0
907,0.12094619,0
908,0.12341054,0
909,0.1259059,0
910,0.12739341,0
911,0.12919609,0
912,0.13022233,0
913,0.13205198,0
914,0.13354521,0
915,0.13392217,0
916,0.13395671,0
917,0.13318656,0
918,0.1327793,0
919,0.13138803,0
920,0.12954251,0
921,0.12637298,0
922,0.12501259,0
923,0.12192494,0
924,0.11856316,0
925,0.11693421,0
926,0.11408971,0
927,0.11168497,0
928,0.10835353,0
929,0.10372095,0
930,0.10026772,0
931,0.096699557,0
932,0.095009948,0
933,0.09009921,0
934,0.086069771,0
935,0.083339758,0
936,0.078932199,0
937,0.075369071,0
938,0.072310911,0
939,0.068341115,0
940,0.063958472,0
941,0.062255777,0
942,0.060330662,0
943,0.057142554,0
944,0.055370255,0
945,0.051747899,0
946,0.049788501,0
947,0.048108581,0
948,0.048377627,0
949,0.047973175,0
950,0.048843899,0
951,0.048544521,0
952,0.049197893,0
953,0.049886441,0
954,0.050348659,0
955,0.051255444,0
956,0.053772923,0
957,0.056029456,0
958,0.058625171,0
959,0.062015862,0
960,0.064368979,0
961,0.067635594,0
962,0.069707698,0
963,0.07226517,0
964,0.073958576,0
965,0.076095812,0
966,0.077698898,0
967,0.078559642,0
968,0.079629859,0
969,0.080077693,0
970,0.08082735,0
971,0.081541323,0
972,0.081618971,0
973,0.079880376,0
974,0.079413085,0
975,0.077383331,0
976,0.075094345,0
977,0.072903037,0
978,0.069628731,0
979,0.066493195,0
980,0.063486789,0
981,0.060368014,0
982,0.057444097,0
983,0.054123283,0
984,0.053136415,0
985,0.050466793,0
986,0.049087828,0
987,0.0480472,0
988,0.045952989,0
989,0.044998049,0
990,0.04366377,0
991,0.043130402,0
992,0.041695668,0
993,0.040972379,0
994,0.040148172,0
995,0.038036388,0
996,0.039971293,0
997,0.039836863,0
998,0.039412709,0
999,0.039615688,0
1000,0.039494161,0
1001,0.040480365,0
1002,0.04008506,0
1003,0.039968613,0
1004,0.039726043,0
1005,0.040838401,0
1006,0.040729502,0
1007,0.04008786,0
1008,0.040240737,0
1009,0.039786663,0
1010,0.038759286,0
1011,0.038988344,0
1012,0.03891568,0
1013,0.039715734,0
1014,0.040392836,0
1015,0.03864407,0
1016,0.038815083,0
1017,0.038934365,0
1018,0.040234999,0
1019,0.040592006,0
1020,0.040136418,0
1021,0.039235539,0
1022,0.038447827,0
1023,0.039631432,0
1024,0.040434392,0
1025,0.039617893,0
1026,0.039168508,0
1027,0.039351775,0
1028,0.039001338,0
1029,0.040285969,0
1030,0.040442827,0
1031,0.041517925,0
1032,0.042248438,0
1033,0.041338716,0
1034,0.040466382,0
1035,0.039688321,0
1036,0.040400171,0
1037,0.039106173,0
1038,0.03912581,0
1039,0.039211322,0
1040,0.03825458,0
1041,0.038463892,0
1042,0.038977691,0
1043,0.038063271,0
1044,0.038557844,0
1045,0.038979981,0
1046,0.039635839,0
1047,0.03964872,0
1048,0.039667863,0
1049,0.040381569,0
1050,0.039409027,0
1051,0.039216658,0
1052,0.037161343,0
1053,0.036994126,0
1054,0.036865058,0
1055,0.036448684,0
1056,0.036118602,0
1057,0.035710524,0
1058,0.035226297,0
1059,0.034749454,0
1060,0.034810914,0
1061,0.035231785,0
1062,0.034688503,0
1063,0.035446822,0
1064,0.034991665,0
1065,0.03397465,0
1066,0.035378935,0
1067,0.035198249,0
1068,0.03577788,0
1069,0.036438323,0
1070,0.036291402,0
1071,0.035060951,0
1072,0.035530724,0
1073,0.035644454,0
1074,0.034818303,0
1075,0.034531498,0
1076,0.034656971,0
1077,0.035308266,0
1078,0.034305073,0
1079,0.034390923,0
1080,0.033237972,0
1081,0.033143688,0
1082,0.033008009,0
1083,0.032162298,0
1084,0.032912363,0
1085,0.03256409,0
1086,0.031642582,0
1087,0.031385334,0
1088,0.030936225,0
1089,0.030312633,0
1090,0.030682413,0
1091,0.030962506,0
1092,0.030280601,0
1093,0.031040483,0
1094,0.032937657,0
1095,0.031674691,0
1096,0.032201261,0
1097,0.032817468,0
1098,0.033049005,0
1099,0.034362038,0
1100,0.034675344,0
1101,0.036002048,0
1102,0.038711872,0
1103,0.040017513,0
1104,0.042767188,0
1105,0.045012392,0
1106,0.047599913,0
1107,0.051075834,0
1108,0.055190868,0
1109,0.059315571,0
1110,0.062499558,0
1111,0.066990617,0
1112,0.071230018,0
1113,0.075764739,0
1114,0.079077133,0
1115,0.083115006,0
1116,0.087336261,0
1117,0.090861255,0
1118,0.094834305,0
1119,0.098224386,0
1120,0.10077877,0
1121,0.10444985,0
1122,0.10890703,0
1123,0.11102488,0
1124,0.11444209,0
1125,0.11752901,0
1126,0.12040246,0
1127,0.12247748,0
1128,0.1240318,0
1129,0.12485564,0
1130,0.12513295,0
1131,0.12681056,0
1132,0.12732636,0
1133,0.12680552,0
1134,0.12821722,0
1135,0.12737002,0
1136,0.12683924,0
1137,0.12708649,0
1138,0.12610379,0
1139,0.12482149,0
1140,0.1228484,0
1141,0.12062614,0
1142,0.11823502,0
1143,0.1163718,0
1144,0.11149762,0
1145,0.10731624,0
1146,0.10612628,0
1147,0.10249053,0
1148,0.098526184,0
1149,0.094597779,0
1150,0.09163949,0
1151,0.088374831,0
1152,0.084667357,0
1153,0.079811625,0
1154,0.078396716,0
1155,0.074222923,0
1156,0.07185188,0
1157,0.069549832,0
1158,0.065902755,0
1159,0.063173984,0
1160,0.060295722,0
1161,0.05875216,0
1162,0.055750767,0
1163,0.053592265,0
1164,0.051440168,0
1165,0.049439288,0
1166,0.050585589,0
1167,0.049308261,0
1168,0.049635662,0
1169,0.050240246,0
1170,0.0502892,0
1171,0.052212305,0
1172,0.052857433,0
1173,0.055374965,0
1174,0.057605964,0
1175,0.059933832,0
1176,0.063013644,0
1177,0.065057259,0
1178,0.068434677,0
1179,0.071451168,0
1180,0.07547234,0
1181,0.079627121,0
1182,0.082388871,0
1183,0.084671089,0
1184,0.086954652,0
1185,0.08726036,0
1186,0.08931596,0
1187,0.09126256,0
1188,0.090789337,0
1189,0.089964819,0
1190,0.09001988,0
1191,0.089479381,0
1192,0.086952636,0
1193,0.085564283,0
1194,0.083344104,0
1195,0.082719956,0
1196,0.080507798,0
1197,0.078186214,0
1198,0.076215481,0
1199,0.074465392,0
1200,0.070915938,0
1201,0.066846414,0
1202,0.06379397,0
1203,0.061211567,0
1204,0.05907151,0
1205,0.056983592,0
1206,0.055232607,0
1207,0.052403685,0
1208,0.04943672,0
1209,0.047212201,0
1210,0.046079019,0
1211,0.04510011,0
1212,0.044165874,0
1213,0.043792415,0
1214,0.042922252,0
1215,0.042620076,0
1216,0.042336284,0
1217,0.041116734,0
1218,0.041737299,0
1219,0.041425289,0
1220,0.041822343,0
1221,0.042434975,0
1222,0.042156155,0
1223,0.04317436,0
1224,0.043004542,0
1225,0.044548378,0
1226,0.044704863,0
1227,0.045148521,0
1228,0.045919279,0
1229,0.045919687,0
1230,0.046529548,0
1231,0.046559214,0
1232,0.046492156,0
1233,0.04685777,0
1234,0.046127942,0
1235,0.04642452,0
1236,0.047572432,0
1237,0.047030331,0
1238,0.045068468,0
1239,0.044637339,0
1240,0.045509619,0
1241,0.044063667,0
1242,0.043612942,0
1243,0.043999607,0
1244,0.042476798,0
1245,0.043549018,0
1246,0.04238959,0
1247,0.042214229,0
1248,0.040676414,0
1249,0.039726603,0
1250,0.038938168,0
1251,0.038812018,0
1252,0.040409873,0
1253,0.039771919,0
1254,0.040052565,0
1255,0.040301354,0
1256,0.038188453,0
1257,0.037415289,0
1258,0.036857326,0
1259,0.037714459,0
1260,0.03643244,0
1261,0.035885116,0
1262,0.036668514,0
1263,0.035989252,0
1264,0.035591822,0
1265,0.036183147,0
1266,0.036469804,0
1267,0.036028629,0
1268,0.035196816,0
1269,0.035869736,0
1270,0.036321796,0
1271,0.035829778,0
1272,0.035038529,0
1273,0.035810132,0
1274,0.036193254,0
1275,0.036799657,0
1276,0.03530271,0
1277,0.035207676,0
1278,0.03424583,0
1279,0.034774437,0
1280,0.03497874,0
1281,0.035121886,0
1282,0.035042314,0
1283,0.035324334,0
1284,0.035131401,0
1285,0.036813516,0
1286,0.036517295,0
1287,0.037225161,0
1288,0.036189928,0
1289,0.038753171,0
1290,0.039854008,0
1291,0.039439689,0
1292,0.040759071,0
1293,0.041813304,0
1294,0.042475389,0
1295,0.043184314,0
1296,0.041484296,0
1297,0.041927293,0
1298,0.042107917,0
1299,0.042183884,0
1300,0.042022401,0
1301,0.041729999,0
1302,0.041128215,0
1303,0.040934177,0
1304,0.042002811,0
1305,0.041292209,0
1306,0.041832157,0
1307,0.042040774,0
1308,0.041786628,0
1309,0.042989671,0
1310,0.044204813,0
1311,0.047502831,0
1312,0.046910899,0
1313,0.046178427,0
1314,0.047271704,0
1315,0.048647945,0
1316,0.049760746,0
1317,0.052416089,0
1318,0.054970686,0
1319,0.056934722,0
1320,0.058616194,0
1321,0.061091776,0
1322,0.062991058,0
1323,0.066873892,0
1324,0.068332164,0
1325,0.070221522,0
1326,0.072532089,0
1327,0.076002304,0
1328,0.079353173,0
1329,0.084425454,0
1330,0.08776769,0
1331,0.091523375,0
1332,0.095706055,0
1333,0.099602242,0
1334,0.10249188,0
1335,0.10555382,0
1336,0.10828431,0
1337,0.11286269,0
1338,0.11445641,0
1339,0.11904405,0
1340,0.11993758,0
1341,0.12281561,0
1342,0.12479639,0
1343,0.12652601,0
1344,0.12630986,0
1345,0.12721768,0
1346,0.12833625,0
1347,0.12995936,0
1348,0.12972391,0
1349,0.13033628,0
1350,0.13009674,0
1351,0.12913546,0
1352,0.12893665,0
1353,0.12822433,0
1354,0.12664069,0
1355,0.12415648,0
1356,0.12170529,0
1357,0.11852661,0
1358,0.11721477,0
1359,0.11580497,0
1360,0.11268781,0
1361,0.10913666,0
1362,0.10497919,0
1363,0.10286168,0
1364,0.099921072,0
1365,0.097769998,0
1366,0.093916129,0
1367,0.090190715,0
1368,0.086649113,0
1369,0.083312457,0
1370,0.080414181,0
1371,0.076972844,0
1372,0.073873884,0
1373,0.070236783,0
1374,0.066688055,0
1375,0.064200246,0
1376,0.062252536,0
1377,0.06083442,0
1378,0.059123192,0
1379,0.058641869,0
1380,0.056985621,0
1381,0.055809735,0
1382,0.055518768,0
1383,0.054459824,0
1384,0.055150322,0
1385,0.056921672,0
1386,0.058968693,0
1387,0.060443752,0
1388,0.061471754,0
1389,0.063290008,0
1390,0.064858357,0
1391,0.067323305,0
1392,0.070834481,0
1393,0.073831419,0
1394,0.077347049,0
1395,0.081988054,0
1396,0.08446791,0
1397,0.086996742,0
1398,0.08952111,0
1399,0.091838373,0
1400,0.092237525,0
1401,0.093358469,0
1402,0.094347364,0
1403,0.094313594,0
1404,0.094512166,0
1405,0.093669667,0
1406,0.093512432,0
1407,0.094113603,0
1408,0.092711699,0
1409,0.090791647,0
1410,0.087107194,0
1411,0.084823559,0
1412,0.081829257,0
1413,0.07926238,0
1414,0.076516351,0
1415,0.074027627,0
1416,0.070899625,0
1417,0.06788641,0
1418,0.065135158,0
1419,0.061779959,0
1420,0.059905333,0
1421,0.057339808,0
1422,0.055759258,0
1423,0.053566055,0
1424,0.053304448,0
1425,0.052455831,0
1426,0.0516408,0
1427,0.050978427,0
1428,0.050148653,0
1429,0.050479599,0
1430,0.048953152,0
1431,0.048548146,0
1432,0.047918105,0
1433,0.048212419,0
1434,0.048973235,0
1435,0.04895516,0
1436,0.047476073,0
1437,0.045865283,0
1438,0.045224162,0
1439,0.045765796,0
1440,0.046862858,0
1441,0.047605576,0
1442,0.048739574,0
1443,0.047526119,0
1444,0.047068754,0
1445,0.045921504,0
1446,0.045354192,0
1447,0.045539357,0
1448,0.04541064,0
1449,0.046049402,0
1450,0.046021167,0
1451,0.046412494,0
1452,0.04665661,0
1453,0.04663401,0
1454,0.046535887,0
1455,0.046924789,0
1456,0.045999371,0
1457,0.045222059,0
1458,0.042817416,0
1459,0.041480442,0
1460,0.040306502,0
1461,0.041323634,0
1462,0.040609341,0
1463,0.040955172,0
1464,0.041207193,0
1465,0.040855802,0
1466,0.040121773,0
1467,0.039739413,0
1468,0.041317163,0
1469,0.042146381,0
1470,0.042233733,0
1471,0.043341727,0
1472,0.043185241,0
1473,0.043876039,0
1474,0.043728334,0
1475,0.043722994,0
1476,0.043950213,0
1477,0.044607293,0
1478,0.044597414,0
1479,0.044281433,0
1480,0.04369325,0
1481,0.044470452,0
1482,0.044685948,0
1483,0.045250191,0
1484,0.044314881,0
1485,0.043354082,0
1486,0.041942714,0
1487,0.041651691,0
1488,0.04220065,0
1489,0.042978782,0
1490,0.04237552,0
1491,0.041789805,0
1492,0.04214075,0
1493,0.040645836,0
1494,0.039799762,0
1495,0.040296586,0
1496,0.040710343,0
1497,0.039565065,0
1498,0.03942081,0
1499,0.03884729,0
1500,0.03835281,0
1501,0.037697565,0
1502,0.037668759,0
1503,0.037105748,0
1504,0.037407849,0
1505,0.037007336,0
1506,0.035602727,0
1507,0.035308664,0
1508,0.034885182,0
1509,0.036680951,0
1510,0.036536618,0
1511,0.03526895,0
1512,0.035059986,0
1513,0.035424861,0
1514,0.034237985,0
1515,0.033665182,0
1516,0.033489173,0
1517,0.033545162,0
1518,0.033092987,0
1519,0.03250656,0
1520,0.031376871,0
1521,0.031114914,0
1522,0.029714996,0
1523,0.030445163,0
1524,0.029551911,0
1525,0.03028547,0
1526,0.030665477,0
1527,0.03014744,0
1528,0.030663145,0
1529,0.03249672,0
1530,0.034818529,0
1531,0.036179385,0
1532,0.037251079,0
1533,0.038106765,0
1534,0.039343935,0
1535,0.041608965,0
1536,0.044109362,0
1537,0.047281701,0
1538,0.051147275,0
1539,0.053685938,0
1540,0.05690269,0
1541,0.060735801,0
1542,0.064566758,0
1543,0.067568002,0
1544,0.071430162,0
1545,0.077058752,0
1546,0.080808167,0
1547,0.084342829,0
1548,0.090264396,0
1549,0.095361339,0
1550,0.10017718,0
1551,0.10262102,0
1552,0.10650888,0
1553,0.11050708,0
1554,0.11406788,0
1555,0.1161782,0
1556,0.12037331,0
1557,0.12383584,0
1558,0.12592469,0
1559,0.12871179,0
1560,0.12937267,0
1561,0.13089096,0
1562,0.13343153,0
1563,0.13385776,0
1564,0.13421084,0
1565,0.13475631,0
1566,0.13343695,0
1567,0.13289051,0
1568,0.13114066,0
1569,0.12903644,0
1570,0.12552879,0
1571,0.12351734,0
1572,0.12148716,0
1573,0.11859071,0
1574,0.11541677,0
1575,0.11290718,0
1576,0.10928312,0
1577,0.10620646,0
1578,0.10380397,0
1579,0.099662823,0
1580,0.094476122,0
1581,0.09138669,0
1582,0.088086257,0
1583,0.084038324,0
1584,0.080767403,0
1585,0.077930993,0
1586,0.076089828,0
1587,0.073290918,0
1588,0.070026144,0
1589,0.067308756,0
1590,0.064901823,0
1591,0.063422026,0
1592,0.060407815,0
1593,0.058291553,0
1594,0.057160529,0
1595,0.057845181,0
1596,0.055546165,0
1597,0.054900383,0
1598,0.053635482,0
1599,0.052822076,0
1600,0.05290757,0
1601,0.052712854,0
1602,0.055187494,0
1603,0.055877877,0
1604,0.055771266,0
1605,0.058194884,0
1606,0.062090869,0
1607,0.063181082,0
1608,0.064846513,0
1609,0.068544649,0
1610,0.071450321,0
1611,0.073971887,0
1612,0.077842754,0
1613,0.079584606,0
1614,0.082443234,0
1615,0.084600106,0
1616,0.086330496,0
1617,0.08907988,0
1618,0.089949127,0
1619,0.091217784,0
1620,0.09147609,0
1621,0.091820788,0
1622,0.091136489,0
1623,0.089675639,0
1624,0.088127663,0
1625,0.086500002,0
1626,0.08425911,0
1627,0.081987051,0
1628,0.078471165,0
1629,0.074936038,0
1630,0.072071031,0
1631,0.069995764,0
1632,0.064762483,0
1633,0.061780382,0
1634,0.060069826,0
1635,0.057586507,0
1636,0.055253574,0
1637,0.051418203,0
1638,0.049891517,0
1639,0.048793727,0
1640,0.046318567,0
1641,0.045265147,0
1642,0.043144119,0
1643,0.042803225,0
1644,0.041215252,0
1645,0.038760312,0
1646,0.037788466,0
1647,0.038094038,0
1648,0.037671651,0
1649,0.039178116,0
1650,0.039282321,0
1651,0.03938886,0
1652,0.039309123,0
1653,0.038487037,0
1654,0.039272041,0
1655,0.040531553,0
1656,0.03987679,0
1657,0.03990634,0
1658,0.040544827,0
1659,0.041414332,0
1660,0.040621032,0
1661,0.040302823,0
1662,0.041173731,0
1663,0.040008962,0
1664,0.041039236,0
1665,0.040589724,0
1666,0.040788244,0
1667,0.039226088,0
1668,0.039196246,0
1669,0.038976257,0
1670,0.03952699,0
1671,0.040266148,0
1672,0.041409061,0
1673,0.041464643,0
1674,0.040978035,0
1675,0.041454076,0
1676,0.041339997,0
1677,0.041048178,0
1678,0.041063586,0
1679,0.042207869,0
1680,0.042993881,0
1681,0.042207631,0
1682,0.041937488,0
1683,0.042079453,0
1684,0.041661218,0
1685,0.040901637,0
1686,0.041005601,0
1687,0.041298333,0
1688,0.040580047,0
1689,0.039884049,0
1690,0.039447348,0
1691,0.039673229,0
1692,0.03896793,0
1693,0.039006744,0
1694,0.038123813,0
1695,0.040085392,0
1696,0.041288799,0
1697,0.04041079,0
1698,0.039580508,0
1699,0.040150399,0
1700,0.039070013,0
1701,0.038901543,0
1702,0.039521713,0
1703,0.039891403,0
1704,0.040119337,0
1705,0.040079931,0
1706,0.039565291,0
1707,0.038922434,0
1708,0.037686557,0
1709,0.037543813,0
1710,0.037747809,0
1711,0.037468876,0
1712,0.037167073,0
1713,0.036805273,0
1714,0.037801453,0
1715,0.037436336,0
1716,0.037601992,0
1717,0.036256705,0
1718,0.037059937,0
1719,0.035517688,0
1720,0.035196793,0
1721,0.033820621,0
1722,0.033887496,0
1723,0.032620232,0
1724,0.03346478,0
1725,0.033655214,0
1726,0.032885567,0
1727,0.030869314,0
1728,0.031406851,0
1729,0.031188057,0
1730,0.031068501,0
1731,0.031889621,0
1732,0.033721515,0
1733,0.034112155,0
1734,0.033664636,0
1735,0.034431826,0
1736,0.034264203,0
1737,0.034613428,0
1738,0.035082476,0
1739,0.036610342,0
1740,0.037178115,0
1741,0.038805939,0
1742,0.040454746,0
1743,0.041697596,0
1744,0.042222559,0
1745,0.042566107,0
1746,0.042486396,0
1747,0.044330659,0
1748,0.045528704,0
1749,0.048368137,0
1750,0.05039687,0
1751,0.053274796,0
1752,0.054413703,0
1753,0.055087399,0
1754,0.058152655,0
1755,0.060928915,0
1756,0.064291278,0
1757,0.068479616,0
1758,0.073253906,0
1759,0.07830583,0
1760,0.082569455,0
1761,0.087719658,0
1762,0.091855095,0
1763,0.097551735,0
1764,0.10220279,0
1765,0.10635608,0
1766,0.11066326,0
1767,0.11460011,0
1768,0.11950878,0
1769,0.1231347,0
1770,0.12684316,0
1771,0.12932784,0
1772,0.13271481,0
1773,0.13377312,0
1774,0.13606625,0
1775,0.13646586,0
1776,0.13773524,0
1777,0.13867508,0
1778,0.14025892,0
1779,0.13999075,0
1780,0.14058526,0
1781,0.14014017,0
1782,0.13874797,0
1783,0.13744921,0
1784,0.13668312,0
1785,0.13675605,0
1786,0.13465048,0
1787,0.13312649,0
1788,0.12999176,0
1789,0.12591003,0
1790,0.12308409,0
1791,0.11978594,0
1792,0.11477655,0
1793,0.11069711,0
1794,0.1070504,0
1795,0.10488072,0
1796,0.10233913,0
1797,0.099006499,0
1798,0.094232427,0
1799,0.091543768,0
1800,0.086283118,0
1801,0.082993899,0
1802,0.079510709,0
1803,0.076029981,0
1804,0.073212411,0
1805,0.069450174,0
1806,0.067793266,0
1807,0.065074765,0
1808,0.063279594,0
1809,0.060292078,0
1810,0.057912108,0
1811,0.055437092,0
1812,0.052967914,0
1813,0.051334482,0
1814,0.04884087,0
1815,0.04844164,0
1816,0.048575436,0
1817,0.048295558,0
1818,0.048716566,0
1819,0.048205274,0
1820,0.050191224,0
1821,0.05218491,0
1822,0.05394389,0
1823,0.056228319,0
1824,0.061318527,0
1825,0.064392287,0
1826,0.067512567,0
1827,0.070400584,0
1828,0.073960961,0
1829,0.077753654,0
1830,0.080517417,0
1831,0.083191836,0
1832,0.083714896,0
1833,0.085634673,0
1834,0.085779345,0
1835,0.085006042,0
1836,0.085342591,0
1837,0.085187988,0
1838,0.084211907,0
1839,0.083562516,0
1840,0.081947754,0
1841,0.079429648,0
1842,0.077296954,0
1843,0.07441884,0
1844,0.070724194,0
1845,0.067947904,0
1846,0.06328382,0
1847,0.060653139,0
1848,0.056772115,0
1849,0.054021113,0
1850,0.052153862,0
1851,0.050419849,0
1852,0.04823849,0
1853,0.045756106,0
1854,0.043610607,0
1855,0.042973581,0
1856,0.041048731,0
1857,0.037292271,0
1858,0.03696563,0
1859,0.035412592,0
1860,0.035218752,0
1861,0.034300261,0
1862,0.034845926,0
1863,0.035194334,0
1864,0.035888456,0
1865,0.036385869,0
1866,0.035554046,0
1867,0.034618981,0
1868,0.034610662,0
1869,0.035297095,0
1870,0.035907843,0
1871,0.036885414,0
1872,0.037928208,0
1873,0.038649591,0
1874,0.038748888,0
1875,0.03832955,0
1876,0.039762174,0
1877,0.041436931,0
1878,0.040498076,0
1879,0.039965682,0
1880,0.040313059,0
1881,0.039553851,0
1882,0.040144556,0
1883,0.040693221,0
1884,0.039569352,0
1885,0.038804796,0
1886,0.040425792,0
1887,0.039850561,0
1888,0.040873639,0
1889,0.039783577,0
1890,0.039281183,0
1891,0.039650541,0
1892,0.040140488,0
1893,0.039080072,0
1894,0.039162555,0
1895,0.040568784,0
1896,0.040855856,0
1897,0.04219811,0
1898,0.041236357,0
1899,0.041282612,0
1900,0.041319238,0
1901,0.039785383,0
1902,0.040084092,0
1903,0.039185166,0
1904,0.039865533,0
1905,0.040692811,0
1906,0.038388115,0
1907,0.038905778,0
1908,0.040136144,0
1909,0.039158802,0
1910,0.038959717,0
1911,0.038500005,0
1912,0.037530542,0
1913,0.036383838,0
1914,0.036385425,0
1915,0.037911903,0
1916,0.0372155,0
1917,0.037376252,0
1918,0.037257672,0
1919,0.037458158,0
1920,0.037454378,0
1921,0.037870687,0
1922,0.036496133,0
1923,0.035653375,0
1924,0.036620214,0
1925,0.03643281,0
1926,0.034790558,0
1927,0.033153882,0
1928,0.032124365,0
1929,0.033834182,0
1930,0.034412442,0
1931,0.033815217,0
1932,0.034782112,0
1933,0.03388012,0
1934,0.034599553,0
1935,0.035281073,0
1936,0.035347857,0
1937,0.034886092,0
1938,0.03536346,0
1939,0.034837659,0
1940,0.035694798,0
1941,0.035613863,0
1942,0.035860971,0
1943,0.0356612,0
1944,0.036341483,0
1945,0.038140568,0
1946,0.037235941,0
1947,0.03717725,0
1948,0.034875034,0
1949,0.035002882,0
1950,0.034829463,0
1951,0.035044937,0
1952,0.034997877,0
1953,0.035214571,0
1954,0.034095545,0
1955,0.033410607,0
1956,0.034037482,0
1957,0.034544247,0
1958,0.035064953,0
1959,0.03495775,0
1960,0.035336594,0
1961,0.035027847,0
1962,0.035613197,0
1963,0.036681495,0
1964,0.038141152,0
1965,0.038615037,0
1966,0.038546064,0
1967,0.041103016,0
1968,0.042651827,0
1969,0.045440124,0
1970,0.047219706,0
1971,0.049100364,0
1972,0.051337795,0
1973,0.054015516,0
1974,0.055879215,0
1975,0.057870373,0
1976,0.061493481,0
1977,0.064723318,0
1978,0.068788223,0
1979,0.071997254,0
1980,0.076707137,0
1981,0.081022047,0
1982,0.085600198,0
1983,0.089066102,0
1984,0.092857634,0
1985,0.096639555,0
1986,0.099033865,0
1987,0.10404219,0
1988,0.10616989,0
1989,0.10904258,0
1990,0.11093728,0
1991,0.11200019,0
1992,0.11424113,0
1993,0.11653646,0
1994,0.11763211,0
1995,0.11860778,0
1996,0.1184249,0
1997,0.11927851,0
1998,0.11961379,0
1999,0.12018329,0
2000,0.12113742,0
2001,0.12028242,0
2002,0.11880979,0
2003,0.11766009,0
2004,0.11568444,0
2005,0.11411425,0
2006,0.11157146,0
2007,0.10883741,0
2008,0.10792121,0
2009,0.10475046,0
2010,0.10312841,0
2011,0.10056032,0
2012,0.098848594,0
2013,0.096736855,0
2014,0.09453403,0
2015,0.091095457,0
2016,0.087810626,0
2017,0.08525579,0
2018,0.082165753,0
2019,0.078616005,0
2020,0.074888178,0
2021,0.072050713,0
2022,0.068264186,0
2023,0.066016564,0
2024,0.063456752,0
2025,0.062779833,0
2026,0.061322127,0
2027,0.059914166,0
2028,0.059064585,0
2029,0.057790277,0
2030,0.056021222,0
2031,0.055091558,0
2032,0.053937338,0
2033,0.052650286,0
2034,0.053398713,0
2035,0.05281957,0
2036,0.052761538,0
2037,0.055232784,0
2038,0.056836142,0
2039,0.058857259,0
2040,0.060913468,0
2041,0.063764561,0
2042,0.06804094,0
2043,0.070505319,0
2044,0.073536494,0
2045,0.076015749,0
2046,0.079274606,0
2047,0.081486588,0
2048,0.083276197,0
2049,0.086289825,0
2050,0.089826684,0
2051,0.089839376,0
2052,0.092445048,0
2053,0.094261777,0
2054,0.094631861,0
2055,0.093837772,0
2056,0.094475379,0
2057,0.093817832,0
2058,0.091921718,0
2059,0.090124764,0
2060,0.088452639,0
2061,0.085297885,0
2062,0.081573896,0
2063,0.077696107,0
2064,0.073034525,0
2065,0.068772392,0
2066,0.0652717,0
2067,0.062360867,0
2068,0.059380455,0
2069,0.05598971,0
2070,0.053482239,0
2071,0.051231857,0
2072,0.049588621,0
2073,0.049157369,0
2074,0.046172132,0
2075,0.044555598,0
2076,0.042982948,0
2077,0.040743906,0
2078,0.039789101,0
2079,0.038175076,0
2080,0.037327686,0
2081,0.038435107,0
2082,0.03682895,0
2083,0.036959967,0
2084,0.037693708,0
2085,0.037256773,0
2086,0.038594567,0
2087,0.039925968,0
2088,0.040641953,0
2089,0.039336778,0
2090,0.040314952,0
2091,0.040549334,0
2092,0.04101654,0
2093,0.041033234,0
2094,0.04237708,0
2095,0.042448814,0
2096,0.043943922,0
2097,0.044187727,0
2098,0.045918924,0
2099,0.046999145,0
2100,0.046447717,0
2101,0.044509547,0
2102,0.045716082,0
2103,0.045090402,0
2104,0.045219902,0
2105,0.046097657,0
2106,0.046053195,0
2107,0.045179535,0
2108,0.045723352,0
2109,0.046003508,0
2110,0.04486156,0
2111,0.044302004,0
2112,0.044304414,0
2113,0.045164497,0
2114,0.044825243,0
2115,0.044600078,0
2116,0.045332161,0
2117,0.046118913,0
2118,0.045278131,0
2119,0.044213142,0
2120,0.043429163,0
2121,0.04356645,0
2122,0.044827319,0
2123,0.044394089,0
2124,0.043168983,0
2125,0.044378335,0
2126,0.044469717,0
2127,0.045018968,0
2128,0.046051833,0
2129,0.046359371,0
2130,0.047696899,0
2131,0.047952032,0
2132,0.046886981,0
2133,0.047287385,0
2134,0.046773054,0
2135,0.046640242,0
2136,0.04649104,0
2137,0.046055098,0
2138,0.044813425,0
2139,0.043419574,0
2140,0.045214412,0
2141,0.045896107,0
2142,0.045613214,0
2143,0.045180549,0
2144,0.04521143,0
2145,0.04453864,0
2146,0.044523357,0
2147,0.043792296,0
2148,0.043716016,0
2149,0.041926393,0
2150,0.041622531,0
2151,0.040541483,0
2152,0.041415581,0
2153,0.04062305,0
2154,0.040679079,0
2155,0.040351329,0
2156,0.039493114,0
2157,0.040591546,0
2158,0.041381897,0
2159,0.040521229,0
2160,0.04081602,0
2161,0.041982715,0
2162,0.043528409,0
2163,0.044554323,0
2164,0.044440901,0
2165,0.044265144,0
2166,0.04518687,0
2167,0.044720116,0
2168,0.044483285,0
2169,0.044753412,0
2170,0.043448689,0
2171,0.044677513,0
2172,0.044065409,0
2173,0.043302864,0
2174,0.043478265,0
2175,0.044430221,0
2176,0.044309766,0
2177,0.04423392,0
2178,0.044551836,0
2179,0.043953399,0
2180,0.043973967,0
2181,0.044109948,0
2182,0.04387885,0
2183,0.045879301,0
2184,0.047546479,0
2185,0.048253886,0
2186,0.049192189,0
2187,0.05087648,0
2188,0.052228325,0
2189,0.054660606,0
2190,0.057632079,0
2191,0.059170901,0
2192,0.06114366,0
2193,0.063977163,0
2194,0.067350653,0
2195,0.070192328,0
2196,0.073237008,0
2197,0.075899522,0
2198,0.080140358,0
2199,0.084771253,0
2200,0.090161913,0
2201,0.094146348,0
2202,0.098790789,0
2203,0.10381687,0
2204,0.10802072,0
2205,0.1119558,0
2206,0.11515424,0
2207,0.11892213,0
2208,0.12169911,0
2209,0.12427234,0
2210,0.12764599,0
2211,0.13050806,0
2212,0.13147208,0
2213,0.13266799,0
2214,0.13277224,0
2215,0.13454742,0
2216,0.13627669,0
2217,0.13620889,0
2218,0.13656115,0
2219,0.13561101,0
2220,0.13415033,0
2221,0.13494587,0
2222,0.13242212,0
2223,0.13164008,0
2224,0.12953146,0
2225,0.12661585,0
2226,0.12320723,0
2227,0.11999992,0
2228,0.11809743,0
2229,0.11426808,0
2230,0.11157495,0
2231,0.10833155,0
2232,0.10368225,0
2233,0.10156848,0
2234,0.097721953,0
2235,0.093615542,0
2236,0.090587039,0
2237,0.086858606,0
2238,0.083633389,0
2239,0.081442239,0
2240,0.078442704,0
2241,0.074503842,0
2242,0.072308474,0
2243,0.069337982,0
2244,0.067160487,0
2245,0.065288642,0
2246,0.063297199,0
2247,0.061732617,0
2248,0.060416115,0
2249,0.058967091,0
2250,0.057686614,0
2251,0.057094777,0
2252,0.055993287,0
2253,0.055013518,0
2254,0.055593119,0
2255,0.056153341,0
2256,0.057097031,0
2257,0.059495892,0
2258,0.061465887,0
2259,0.063499736,0
2260,0.066990185,0
2261,0.069530967,0
2262,0.072737415,0
2263,0.075613998,0
2264,0.076979673,0
2265,0.079431579,0
2266,0.080804365,0
2267,0.083085968,0
2268,0.085702871,0
2269,0.086571558,0
2270,0.089444674,0
2271,0.090945954,0
2272,0.091118519,0
2273,0.091356454,0
2274,0.089163499,0
2275,0.08798982,0
2276,0.086331541,0
2277,0.08346373,0
2278,0.081757743,0
2279,0.077612008,0
2280,0.074050466,0
2281,0.071282183,0
2282,0.067379874,0
2283,0.064846057,0
2284,0.060408957,0
2285,0.055778638,0
2286,0.052753552,0
2287,0.049796246,0
2288,0.04749374,0
2289,0.044338695,0
2290,0.040983242,0
2291,0.038946278,0
2292,0.037933387,0
2293,0.035228544,0
2294,0.03354339,0
2295,0.032061114,0
2296,0.031041096,0
2297,0.030791859,0
2298,0.030355692,0
2299,0.030916057,0
2300,0.029399527,0
2301,0.028366069,0
2302,0.027803058,0
2303,0.028456546,0
2304,0.030000064,0
2305,0.028990746,0
2306,0.029145015,0
2307,0.030025117,0
2308,0.029349791,0
2309,0.029234814,0
2310,0.030589335,0
2311,0.029320634,0
2312,0.030171808,0
2313,0.02986626,0
2314,0.030597333,0
2315,0.031700921,0
2316,0.032325692,0
2317,0.033398762,0
2318,0.034049895,0
2319,0.0344373,0
2320,0.035987304,0
2321,0.034755142,0
2322,0.035056021,0
2323,0.035705643,0
2324,0.035694881,0
2325,0.036756751,0
2326,0.037174933,0
2327,0.038097866,0
2328,0.039840184,0
2329,0.03934128,0
2330,0.041110143,0
2331,0.041793488,0
2332,0.042553356,0
2333,0.043306484,0
2334,0.043319652,0
2335,0.043687744,0
2336,0.044402158,0
2337,0.043743362,0
2338,0.043677516,0
2339,0.043845537,0
2340,0.043569699,0
2341,0.043905668,0
2342,0.04428272,0
2343,0.04314931,0
2344,0.042603476,0
2345,0.043278125,0
2346,0.043914019,0
2347,0.044126007,0
2348,0.043209221,0
2349,0.043729461,0
2350,0.042940651,0
2351,0.044023088,0
2352,0.043803492,0
2353,0.043385848,0
2354,0.044728553,0
2355,0.044551682,0
2356,0.04523508,0
2357,0.045330885,0
2358,0.044716376,0
2359,0.044813439,0
2360,0.044705594,0
2361,0.043832807,0
2362,0.044991595,0
2363,0.044315949,0
2364,0.044091942,0
2365,0.044435242,0
2366,0.044860959,0
2367,0.044980388,0
2368,0.04423148,0
2369,0.043062839,0
2370,0.0425726,0
2371,0.041584398,0
2372,0.0414141,0
2373,0.042229415,0
2374,0.041264394,0
2375,0.040850031,0
2376,0.040568029,0
2377,0.040141674,0
2378,0.039353726,0
2379,0.038445446,0
2380,0.039048345,0
2381,0.038690491,0
2382,0.038369362,0
2383,0.03693722,0
2384,0.036216816,0
2385,0.035670202,0
2386,0.033971383,0
2387,0.034347367,0
2388,0.033698129,0
2389,0.034770721,0
2390,0.03475478,0
2391,0.034158227,0
2392,0.034619093,0
2393,0.033320861,0
2394,0.03406255,0
2395,0.03390892,0
2396,0.033571546,0
2397,0.033582804,0
2398,0.031755805,0
2399,0.032635069,0
2400,0.032993743,0
2401,0.032993573,0
2402,0.033067556,0
2403,0.035438717,0
2404,0.037054234,0
2405,0.036544098,0
2406,0.037592837,0
2407,0.038909155,0
2408,0.04047715,0
2409,0.042739753,0
2410,0.046369413,0
2411,0.049128877,0
2412,0.052585822,0
2413,0.056035694,0
2414,0.059492929,0
2415,0.062759044,0
2416,0.066929369,0
2417,0.07052593,0
2418,0.073956942,0
2419,0.079516759,0
2420,0.083953142,0
2421,0.088328107,0
2422,0.092906378,0
2423,0.096399373,0
2424,0.099993555,0
2425,0.10324069,0
2426,0.10676136,0
2427,0.11069141,0
2428,0.11431607,0
2429,0.11801188,0
2430,0.12118662,0
2431,0.12259346,0
2432,0.12369452,0
2433,0.12463367,0
2434,0.1253647,0
2435,0.12706405,0
2436,0.12769062,0
2437,0.12832233,0
2438,0.12784299,0
2439,0.12799846,0
2440,0.12566291,0
2441,0.12439277,0
2442,0.12383818,0
2443,0.12155846,0
2444,0.12025111,0
2445,0.11834868,0
2446,0.1168923,0
2447,0.11482092,0
2448,0.11177191,0
2449,0.10989298,0
2450,0.10728115,0
2451,0.10349489,0
2452,0.1013449,0
2453,0.098977285,0
2454,0.094655515,0
2455,0.090310399,0
2456,0.087025514,0
2457,0.084114154,0
2458,0.080135247,0
2459,0.077206646,0
2460,0.074918654,0
2461,0.070873629,0
2462,0.068097528,0
2463,0.063281057,0
2464,0.060298447,0
2465,0.058340016,0
2466,0.056619363,0
2467,0.054347437,0
2468,0.052721501,0
2469,0.051605197,0
2470,0.051316217,0
2471,0.051083108,0
2472,0.051471035,0
2473,0.052330021,0
2474,0.054807061,0
2475,0.055932702,0
2476,0.059366235,0
2477,0.062078404,0
2478,0.064282918,0
2479,0.066285178,0
2480,0.06896662,0
2481,0.071555814,0
2482,0.074705791,0
2483,0.077520398,0
2484,0.081120676,0
2485,0.08527336,0
2486,0.08716968,0
2487,0.090444962,0
2488,0.093768799,0
2489,0.094817522,0
2490,0.095704366,0
2491,0.096284344,0
2492,0.096256911,0
2493,0.095121343,0
2494,0.093170794,0
2495,0.091716148,0
2496,0.089693428,0
2497,0.086878006,0
2498,0.083176606,0
2499,0.080289335,0
2500,0.076989321,0
2501,0.073469034,0
2502,0.069106359,0
2503,0.065689422,0
2504,0.061836606,0
2505,0.057856284,0
2506,0.055541449,0
2507,0.05298291,0
2508,0.049809597,0
2509,0.047896254,0
2510,0.04615644,0
2511,0.043667922,0
2512,0.043121618,0
2513,0.041594149,0
2514,0.041827806,0
2515,0.041801245,0
2516,0.040918099,0
2517,0.039880361,0
2518,0.039667165,0
2519,0.039568439,0
2520,0.040462848,0
2521,0.038475408,0
2522,0.038341754,0
2523,0.037365215,0
2524,0.036941045,0
2525,0.03616071,0
2526,0.036653341,0
2527,0.035917273,0
2528,0.035442984,0
2529,0.034663361,0
2530,0.034506011,0
2531,0.034349306,0
2532,0.035537213,0
2533,0.035665517,0
2534,0.035653764,0
2535,0.035591628,0
2536,0.034949079,0
2537,0.034614802,0
2538,0.034016826,0
2539,0.033902158,0
2540,0.03412971,0
2541,0.033993346,0
2542,0.033746554,0
2543,0.033746185,0
2544,0.034211764,0
2545,0.034396871,0
2546,0.034108247,0
2547,0.035151542,0
2548,0.035642849,0
2549,0.035387774,0
2550,0.034377592,0
2551,0.034495526,0
2552,0.033800802,0
2553,0.034386096,0
2554,0.033699209,0
2555,0.034452331,0
2556,0.035269304,0
2557,0.035724788,0
2558,0.035660028,0
2559,0.036318558,0
2560,0.03650194,0
2561,0.035295715,0
2562,0.034199536,0
2563,0.03218894,0
2564,0.032282178,0
2565,0.032176232,0
2566,0.030822416,0
2567,0.030711884,0
2568,0.03165217,0
2569,0.031597756,0
2570,0.031980846,0
2571,0.032289297,0
2572,0.033088463,0
2573,0.034010535,0
2574,0.034460934,0
2575,0.033288101,0
2576,0.034303195,0
2577,0.033408094,0
2578,0.03341217,0
2579,0.033816141,0
2580,0.034192963,0
2581,0.033543835,0
2582,0.03337162,0
2583,0.03216742,0
2584,0.032748171,0
2585,0.03325842,0
2586,0.03270237,0
2587,0.032429981,0
2588,0.032475249,0
2589,0.032572425,0
2590,0.032825245,0
2591,0.033135632,0
2592,0.032622012,0
2593,0.032719203,0
2594,0.032718945,0
2595,0.033260094,0
2596,0.034771337,0
2597,0.034254052,0
2598,0.033611419,0
2599,0.033572507,0
2600,0.034069322,0
2601,0.034612253,0
2602,0.035257757,0
2603,0.035757256,0
2604,0.036039351,0
2605,0.036847284,0
2606,0.035992944,0
2607,0.035899563,0
2608,0.035853991,0
2609,0.03654639,0
2610,0.036508356,0
2611,0.036974677,0
2612,0.039196616,0
2613,0.039592306,0
2614,0.03975559,0
2615,0.040363826,0
2616,0.040798,0
2617,0.040566294,0
2618,0.041790417,0
2619,0.042072437,0
2620,0.041929514,0
2621,0.0421831,0
2622,0.042377166,0
2623,0.042683542,0
2624,0.041476857,0
2625,0.042400879,0
2626,0.044858447,0
2627,0.045555843,0
2628,0.046727863,0
2629,0.047681883,0
2630,0.05021661,0
2631,0.053724012,0
2632,0.057076925,0
2633,0.059822925,0
2634,0.062279003,0
2635,0.065404231,0
2636,0.068492273,0
2637,0.072300933,0
2638,0.076294167,0
2639,0.079855444,0
2640,0.08416431,0
2641,0.087672407,0
2642,0.091427178,0
2643,0.095875767,0
2644,0.099431157,0
2645,0.10309463,0
2646,0.10718349,0
2647,0.11025713,0
2648,0.1139552,0
2649,0.11517615,0
2650,0.11894057,0
2651,0.1224315,0
2652,0.12416585,0
2653,0.12586369,0
2654,0.12753301,0
2655,0.12960296,0
2656,0.1296403,0
2657,0.13122793,0
2658,0.13163599,0
2659,0.13113047,0
2660,0.13027822,0
2661,0.12833812,0
2662,0.12672165,0
2663,0.12367678,0
2664,0.12205845,0
2665,0.11989185,0
2666,0.11703509,0
2667,0.11440597,0
2668,0.11207531,0
2669,0.10823084,0
2670,0.10480326,0
2671,0.10182401,0
2672,0.098355899,0
2673,0.094094465,0
2674,0.091237249,0
2675,0.089540104,0
2676,0.085956919,0
2677,0.082341589,0
2678,0.078904307,0
2679,0.076528156,0
2680,0.074683497,0
2681,0.070796332,0
2682,0.067096114,0
2683,0.064215887,0
2684,0.062466392,0
2685,0.059722148,0
2686,0.057904199,0
2687,0.056536297,0
2688,0.055450715,0
2689,0.054068229,0
2690,0.053447351,0
2691,0.052132749,0
2692,0.051272044,0
2693,0.050366333,0
2694,0.051129097,0
2695,0.052017371,0
2696,0.053030419,0
2697,0.053746975,0
2698,0.054582229,0
2699,0.057273817,0
2700,0.061513859,0
2701,0.063107453,0
2702,0.06424482,0
2703,0.067348608,0
2704,0.070574804,0
2705,0.073952354,0
2706,0.076654105,0
2707,0.07933329,0
2708,0.080986337,0
2709,0.081829334,0
2710,0.083807198,0
2711,0.085371961,0
2712,0.087493317,0
2713,0.088867559,0
2714,0.090116443,0
2715,0.090473049,0
2716,0.090844586,0
2717,0.08964216,0
2718,0.088181364,0
2719,0.086264804,0
2720,0.083701597,0
2721,0.081225962,0
2722,0.079415713,0
2723,0.076345371,0
2724,0.073997524,0
2725,0.071273343,0
2726,0.066868961,0
2727,0.064433082,0
2728,0.062055387,0
2729,0.05983395,0
2730,0.057224511,0
2731,0.054271735,0
2732,0.052063223,0
2733,0.049648293,0
2734,0.047793426,0
2735,0.045291653,0
2736,0.044562698,0
2737,0.043207401,0
2738,0.042078015,0
2739,0.04274995,0
2740,0.042091178,0
2741,0.041452536,0
2742,0.041834267,0
2743,0.040907038,0
2744,0.041761787,0
2745,0.040726208,0
2746,0.04147027,0
2747,0.039880503,0
2748,0.039870128,0
2749,0.040735126,0
2750,0.039863625,0
2751,0.038857891,0
2752,0.0392964,0
2753,0.039901107,0
2754,0.039862376,0
2755,0.039293738,0
2756,0.039289965,0
2757,0.03836785,0
2758,0.038843603,0
2759,0.038679605,0
2760,0.040123052,0
2761,0.040781874,0
2762,0.040752098,0
2763,0.041081308,0
2764,0.040435058,0
2765,0.040580484,0
2766,0.041576893,0
2767,0.043120296,0
2768,0.043655059,0
2769,0.043422334,0
2770,0.043532305,0
2771,0.043863272,0
2772,0.044263041,0
2773,0.042945725,0
2774,0.042559134,0
2775,0.042866468,0
2776,0.041827144,0
2777,0.043808966,0
2778,0.043074322,0
2779,0.041922399,0
2780,0.042534826,0
2781,0.042151815,0
2782,0.042361486,0
2783,0.041963819,0
2784,0.042775128,0
2785,0.043078362,0
2786,0.044641934,0
2787,0.044383433,0
2788,0.042898005,0
2789,0.042885914,0
2790,0.04068335,0
2791,0.039488538,0
2792,0.039542146,0
2793,0.038154029,0
2794,0.037938107,0
2795,0.037862847,0
2796,0.039369626,0
2797,0.039251899,0
2798,0.04061595,0
2799,0.040920464,0
2800,0.040617003,0
2801,0.040400774,0
2802,0.041000234,0
2803,0.04021407,0
2804,0.039865276,0
2805,0.040083951,0
2806,0.040470244,0
2807,0.040216042,0
2808,0.041323972,0
2809,0.040633765,0
2810,0.041023885,0
2811,0.041023104,0
2812,0.040420408,0
2813,0.040303677,0
2814,0.039191639,0
2815,0.039658799,0
2816,0.03988728,0
2817,0.038438888,0
2818,0.036102824,0
2819,0.037120733,0
2820,0.037805859,0
2821,0.036649516,0
2822,0.037829507,0
2823,0.036839463,0
2824,0.036838051,0
2825,0.037379845,0
2826,0.037037888,0
2827,0.036846406,0
2828,0.03598474,0
2829,0.037405518,0
2830,0.03693778,0
2831,0.035585171,0
2832,0.034972861,0
2833,0.034366243,0
2834,0.035873233,0
2835,0.035125692,0
2836,0.034674718,0
2837,0.03338419,0
2838,0.033956764,0
2839,0.0346173,0
2840,0.035171774,0
2841,0.036397946,0
2842,0.038302078,0
2843,0.039131112,0
2844,0.042708994,0
2845,0.045268883,0
2846,0.047325663,0
2847,0.048199129,0
2848,0.050442568,0
2849,0.053677884,0
2850,0.056614871,0
2851,0.059357111,0
2852,0.063035746,0
2853,0.065817499,0
2854,0.069349534,0
2855,0.074102526,0
2856,0.077921133,0
2857,0.081105195,0
2858,0.085042884,0
2859,0.088329911,0
2860,0.092753179,0
2861,0.095692566,0
2862,0.099572213,0
2863,0.10426563,0
2864,0.10837425,0
2865,0.11239877,0
2866,0.11548534,0
2867,0.11831453,0
2868,0.12080687,0
2869,0.124929,0
2870,0.12501601,0
2871,0.12657404,0
2872,0.12914748,0
2873,0.12926928,0
2874,0.12965087,0
2875,0.12968434,0
2876,0.12963597,0
2877,0.12981814,0
2878,0.13024761,0
2879,0.12850565,0
2880,0.12616797,0
2881,0.12562446,0
2882,0.12432609,0
2883,0.12273024,0
2884,0.12071678,0
2885,0.11851091,0
2886,0.11606456,0
2887,0.11267345,0
2888,0.10999239,0
2889,0.10677275,0
2890,0.10411346,0
2891,0.10077969,0
2892,0.097028926,0
2893,0.094432889,0
2894,0.091823836,0
2895,0.087049323,0
2896,0.08440365,0
2897,0.079990489,0
2898,0.077111216,0
2899,0.072918258,0
2900,0.070009614,0
2901,0.066234756,0
2902,0.063648134,0
2903,0.062244519,0
2904,0.060278549,0
2905,0.059022432,0
2906,0.057475623,0
2907,0.055896919,0
2908,0.056042103,0
2909,0.056087536,0
2910,0.056521959,0
2911,0.058259312,0
2912,0.059633771,0
2913,0.060593885,0
2914,0.061699977,0
2915,0.063557518,0
2916,0.066509496,0
2917,0.068808972,0
2918,0.071607253,0
2919,0.075607882,0
2920,0.078453121,0
2921,0.082281963,0
2922,0.085032451,0
2923,0.088646499,0
2924,0.090430841,0
2925,0.093293069,0
2926,0.095063298,0
2927,0.096552789,0
2928,0.096870438,0
2929,0.096823288,0
2930,0.096445538,0
2931,0.095071375,0
2932,0.093239733,0
2933,0.091262627,0
2934,0.089016969,0
2935,0.08554013,0
2936,0.08164839,0
2937,0.077953345,0
2938,0.075945339,0
2939,0.07176214,0
2940,0.068328476,0
2941,0.065876122,0
2942,0.06312224,0
2943,0.059901348,0
2944,0.057651454,0
2945,0.055332676,0
2946,0.053417664,0
2947,0.051202903,0
2948,0.050717732,0
2949,0.049293018,0
2950,0.048718799,0
2951,0.048007345,0
2952,0.048105323,0
2953,0.047966444,0
2954,0.047033719,0
2955,0.046642909,0
2956,0.045976593,0
2957,0.045786511,0
2958,0.0468541,0
2959,0.046809003,0
2960,0.046265504,0
2961,0.045062655,0
2962,0.044206057,0
2963,0.044682655,0
2964,0.044872063,0
2965,0.045604842,0
2966,0.045076179,0
2967,0.04385424,0
2968,0.044347977,0
2969,0.044340335,0
2970,0.043809012,0
2971,0.042235762,0
2972,0.042155576,0
2973,0.042539304,0
2974,0.041255587,0
2975,0.040613362,0
2976,0.041188245,0
2977,0.041103948,0
2978,0.040930425,0
2979,0.042200978,0
2980,0.041729927,0
2981,0.042613035,0
2982,0.042842051,0
2983,0.042521887,0
2984,0.041497935,0
2985,0.041691641,0
2986,0.04182594,0
2987,0.041638918,0
2988,0.042015282,0
2989,0.040899736,0
2990,0.041801358,0
2991,0.04145864,0
2992,0.040331275,0
2993,0.040811072,0
2994,0.042200257,0
2995,0.040571345,0
2996,0.039999571,0
2997,0.039423609,0
2998,0.038952757,0
2999,0.037856917,0
3000,0.038476197,0
3001,0.038878032,0
3002,0.037210393,0
3003,0.0368452,0
3004,0.03611863,0
3005,0.035685689,0
3006,0.035778404,0
3007,0.035237024,0
3008,0.035964634,0
3009,0.034324009,0
3010,0.033820118,0
3011,0.033463475,0
3012,0.033210062,0
3013,0.032503717,0
3014,0.032009812,0
3015,0.032670496,0
3016,0.030323551,0
3017,0.031069639,0
3018,0.031640066,0
3019,0.030849891,0
3020,0.030845983,0
3021,0.030485672,0
3022,0.031230764,0
3023,0.030841081,0
3024,0.030771514,0
3025,0.030043654,0
3026,0.031164649,0
3027,0.030838033,0
3028,0.032074877,0
3029,0.033216244,0
3030,0.03163058,0
3031,0.031059008,0
3032,0.030725882,0
3033,0.03029623,0
3034,0.030523171,0
3035,0.03133961,0
3036,0.030595998,0
3037,0.031080816,0
3038,0.031516578,0
3039,0.032470169,0
3040,0.032876813,0
3041,0.032191214,0
3042,0.032195929,0
3043,0.032367635,0
3044,0.031859082,0
3045,0.030148097,0
3046,0.030223446,0
3047,0.029440723,0
3048,0.028954903,0
3049,0.028893386,0
3050,0.029683282,0
3051,0.028727874,0
3052,0.029011658,0
3053,0.029533051,0
3054,0.030691157,0
3055,0.032092066,0
3056,0.032898356,0
3057,0.034340246,0
3058,0.03640197,0
3059,0.037039192,0
3060,0.039584759,0
3061,0.041278036,0
3062,0.044171476,0
3063,0.048052601,0
3064,0.051680458,0
3065,0.055487091,0
3066,0.057057023,0
3067,0.06102877,0
3068,0.064358811,0
3069,0.068130693,0
3070,0.071289687,0
3071,0.074618218,0
3072,0.07864245,0
3073,0.083291174,0
3074,0.086912411,0
3075,0.091131602,0
3076,0.096617202,0
3077,0.10080269,0
3078,0.10470001,0
3079,0.10700466,0
3080,0.10857234,0
3081,0.11079141,0
3082,0.11461017,0
3083,0.11619722,0
3084,0.11936449,0
3085,0.12089106,0
3086,0.12103656,0
3087,0.12263313,0
3088,0.12322884,0
3089,0.12311875,0
3090,0.12305645,0
3091,0.12271725,0
3092,0.12196408,0
3093,0.12222728,0
3094,0.12112463,0
3095,0.11930581,0
3096,0.11817147,0
3097,0.11630629,0
3098,0.11517054,0
3099,0.11392052,0
3100,0.11165212,0
3101,0.10885834,0
3102,0.10756063,0
3103,0.10498267,0
3104,0.10265215,0
3105,0.098059582,0
3106,0.094131695,0
3107,0.090813375,0
3108,0.086561945,0
3109,0.082655522,0
3110,0.079073428,0
3111,0.076196447,0
3112,0.073224606,0
3113,0.069482716,0
3114,0.066157086,0
3115,0.062337334,0
3116,0.059519784,0
3117,0.057949334,0
3118,0.056669161,0
3119,0.053552083,0
3120,0.052070802,0
3121,0.051472212,0
3122,0.050633932,0
3123,0.049970962,0
3124,0.04876456,0
3125,0.049268017,0
3126,0.04959481,0
3127,0.050017617,0
3128,0.049995252,0
3129,0.050417843,0
3130,0.053289199,0
3131,0.055925916,0
3132,0.059058126,0
3133,0.061078942,0
3134,0.064373393,0
3135,0.066744379,0
3136,0.070851459,0
3137,0.074927539,0
3138,0.078492292,0
3139,0.081626173,0
3140,0.085381061,0
3141,0.088061865,0
3142,0.090828932,0
3143,0.092009284,0
3144,0.092222455,0
3145,0.093855735,0
3146,0.093350658,0
3147,0.092672671,0
3148,0.0919576,0
3149,0.090072908,0
3150,0.087915365,0
3151,0.085369077,0
3152,0.082197684,0
3153,0.077636106,0
3154,0.074060548,0
3155,0.071330413,0
3156,0.068556276,0
3157,0.067245246,0
3158,0.063248501,0
3159,0.060587564,0
3160,0.057895707,0
3161,0.055728429,0
3162,0.053604405,0
3163,0.050154865,0
3164,0.04785881,0
3165,0.045846456,0
3166,0.044016858,0
3167,0.041375551,0
3168,0.039542524,0
3169,0.038403133,0
3170,0.037990056,0
3171,0.037368739,0
3172,0.037004452,0
3173,0.036997813,0
3174,0.037618544,0
3175,0.038605231,0
3176,0.039273357,0
3177,0.037672328,0
3178,0.037370299,0
3179,0.037185583,0
3180,0.037913572,0
3181,0.037335545,0
3182,0.038323445,0
3183,0.039358548,0
3184,0.038877588,0
3185,0.03914139,0
3186,0.039155559,0
3187,0.038504042,0
3188,0.038804525,0
3189,0.038361363,0
3190,0.039141718,0
3191,0.03938283,0
3192,0.038727828,0
3193,0.038306948,0
3194,0.038946963,0
3195,0.038899863,0
3196,0.038202313,0
3197,0.039150079,0
3198,0.04037144,0
3199,0.040503612,0
3200,0.041234118,0
3201,0.041386522,0
3202,0.041693164,0
3203,0.04236864,0
3204,0.043057319,0
3205,0.042553952,0
3206,0.042711888,0
3207,0.041955617,0
3208,0.039515686,0
3209,0.040778558,0
3210,0.041143792,0
3211,0.041029005,0
3212,0.039234882,0
3213,0.038578513,0
3214,0.038791024,0
3215,0.038591116,0
3216,0.038660056,0
3217,0.039331499,0
3218,0.040128512,0
3219,0.039892459,0
3220,0.039434562,0
3221,0.040152297,0
3222,0.039666122,0
3223,0.039782834,0
3224,0.039875309,0
3225,0.039859242,0
3226,0.038665889,0
3227,0.038611216,0
3228,0.039721025,0
3229,0.039862349,0
3230,0.041056099,0
3231,0.040818408,0
3232,0.041667986,0
3233,0.040561145,0
3234,0.039289259,0
3235,0.040213271,0
3236,0.040033503,0
3237,0.039444445,0
3238,0.039540783,0
3239,0.040571827,0
3240,0.04073841,0
3241,0.040108286,0
3242,0.038863369,0
3243,0.038522008,0
3244,0.039439979,0
3245,0.038072114,0
3246,0.037337157,0
3247,0.037984975,0
3248,0.037682206,0
3249,0.037978676,0
3250,0.039011072,0
3251,0.039439879,0
3252,0.040054014,0
3253,0.039531516,0
3254,0.038802193,0
3255,0.038096147,0
3256,0.038938943,0
3257,0.038661083,0
3258,0.039011615,0
3259,0.039388899,0
3260,0.038777,0
3261,0.037673556,0
3262,0.037962163,0
3263,0.038830887,0
3264,0.038156989,0
3265,0.038869405,0
3266,0.038811844,0
3267,0.03861196,0
3268,0.039361336,0
3269,0.040497194,0
3270,0.041401902,0
3271,0.041910597,0
3272,0.042298392,0
3273,0.041830176,0
3274,0.04170901,0
3275,0.042421643,0
3276,0.042453059,0
3277,0.045066396,0
3278,0.045630623,0
3279,0.047025458,0
3280,0.049383689,0
3281,0.051331205,0
3282,0.053630115,0
3283,0.055404929,0
3284,0.057522349,0
3285,0.06124483,0
3286,0.06552854,0
3287,0.070074928,0
3288,0.075055077,0
3289,0.07895083,0
3290,0.082402245,0
3291,0.085939051,0
3292,0.089358729,0
3293,0.092819302,0
3294,0.096884666,0
3295,0.099775513,0
3296,0.10496496,0
3297,0.10928512,0
3298,0.11159834,0
3299,0.11517273,0
3300,0.11776055,0
3301,0.11982892,0
3302,0.12178187,0
3303,0.12290238,0
3304,0.12615765,0
3305,0.1285533,0
3306,0.13061495,0
3307,0.13123716,0
3308,0.13083908,0
3309,0.13106097,0
3310,0.13008952,0
3311,0.12960265,0
3312,0.12972908,0
3313,0.12853093,0
3314,0.12749226,0
3315,0.12607116,0
3316,0.12317604,0
3317,0.12099536,0
3318,0.11801703,0
3319,0.11377845,0
3320,0.10988426,0
3321,0.10706492,0
3322,0.10354457,0
3323,0.10084041,0
3324,0.09863756,0
3325,0.095801626,0
3326,0.091718377,0
3327,0.088573966,0
3328,0.083683932,0
3329,0.080672158,0
3330,0.077969992,0
3331,0.073865028,0
3332,0.070190856,0
3333,0.068829753,0
3334,0.066738095,0
3335,0.06463311,0
3336,0.061818164,0
3337,0.058244971,0
3338,0.056190221,0
3339,0.053592869,0
3340,0.052429725,0
3341,0.050734105,0
3342,0.050772506,0
3343,0.051702546,0
3344,0.052972187,0
3345,0.052283063,0
3346,0.052443041,0
3347,0.054322594,0
3348,0.055448117,0
3349,0.058200553,0
3350,0.059812143,0
3351,0.062140322,0
3352,0.064281834,0
3353,0.0671393,0
3354,0.070659919,0
3355,0.073242877,0
3356,0.076106046,0
3357,0.07843113,0
3358,0.081836706,0
3359,0.084384793,0
3360,0.088148593,0
3361,0.089955131,0
3362,0.093002319,0
3363,0.093600503,0
3364,0.093919571,0
3365,0.095191672,0
3366,0.095171978,0
3367,0.094576694,0
3368,0.093344175,0
3369,0.092676176,0
3370,0.090920735,0
3371,0.088087768,0
3372,0.085321836,0
3373,0.082865223,0
3374,0.079630339,0
3375,0.075959409,0
3376,0.071769987,0
3377,0.069539826,0
3378,0.06691126,0
3379,0.0653772,0
3380,0.062667322,0
3381,0.059592819,0
3382,0.057533201,0
3383,0.056571079,0
3384,0.053722432,0
3385,0.050622252,0
3386,0.048519801,0
3387,0.047327086,0
3388,0.046404082,0
3389,0.04395479,0
3390,0.043622903,0
3391,0.042722705,0
3392,0.042598708,0
3393,0.041733247,0
3394,0.04153754,0
3395,0.040760169,0
3396,0.041794299,0
3397,0.042402732,0
3398,0.040589676,0
3399,0.041035463,0
3400,0.040677418,0
3401,0.040912483,0
3402,0.040991682,0
3403,0.040319947,0
3404,0.041006575,0
3405,0.040947478,0
3406,0.039846196,0
3407,0.039590064,0
3408,0.04011696,0
3409,0.039561593,0
3410,0.039476364,0
3411,0.038035286,0
3412,0.0388644,0
3413,0.037453499,0
3414,0.037268248,0
3415,0.036692263,0
3416,0.035655567,0
3417,0.034965119,0
3418,0.035593205,0
3419,0.035721142,0
3420,0.035317236,0
3421,0.035012347,0
3422,0.03528012,0
3423,0.035217703,0
3424,0.035419509,0
3425,0.034346102,0
3426,0.03384663,0
3427,0.034421832,0
3428,0.034216462,0
3429,0.034130796,0
3430,0.03290298,0
3431,0.033194192,0
3432,0.03401317,0
3433,0.035512599,0
3434,0.034298655,0
3435,0.034025274,0
3436,0.035073041,0
3437,0.037039388,0
3438,0.037353308,0
3439,0.037346447,0
3440,0.038315799,0
3441,0.037551902,0
3442,0.038012746,0
3443,0.036587152,0
3444,0.036400446,0
3445,0.035377911,0
3446,0.035561902,0
3447,0.035282505,0
3448,0.036130775,0
3449,0.036989075,0
3450,0.037088854,0
3451,0.03821431,0
3452,0.037550539,0
3453,0.03798484,0
3454,0.038721418,0
3455,0.037886707,0
3456,0.037913122,0
3457,0.038498238,0
3458,0.039024927,0
3459,0.038533639,0
3460,0.038825156,0
3461,0.038578939,0
3462,0.039370313,0
3463,0.040128045,0
3464,0.039373139,0
3465,0.039001834,0
3466,0.039893372,0
3467,0.037985691,0
3468,0.038201954,0
3469,0.038423937,0
3470,0.037702084,0
3471,0.037481202,0
3472,0.038234106,0
3473,0.037478029,0
3474,0.036851028,0
3475,0.03630534,0
3476,0.036484816,0
3477,0.037935885,0
3478,0.038323632,0
3479,0.038055097,0
3480,0.037580552,0
3481,0.037746483,0
3482,0.037509841,0
3483,0.037734946,0
3484,0.036558889,0
3485,0.036546694,0
3486,0.036378844,0
3487,0.037053319,0
3488,0.036520779,0
3489,0.037178571,0
3490,0.037565081,0
3491,0.037113786,0
3492,0.038439491,0
3493,0.039103299,0
3494,0.041324707,0
3495,0.041803684,0
3496,0.044048623,0
3497,0.045514916,0
3498,0.048611466,0
3499,0.049958383,0
3500,0.052590081,0
3501,0.056222201,0
3502,0.058334694,0
3503,0.061326551,0
3504,0.064308228,0
3505,0.067383076,0
3506,0.071790783,0
3507,0.074606847,0
3508,0.078776777,0
3509,0.082493302,0
3510,0.087565982,0
3511,0.091129985,0
3512,0.094478264,0
3513,0.097717858,0
3514,0.10168573,0
3515,0.10645183,0
3516,0.1103276,0
3517,0.11365677,0
3518,0.11743568,0
3519,0.12030046,0
3520,0.12233996,0
3521,0.1254561,0
3522,0.12683084,0
3523,0.12737631,0
3524,0.12757584,0
3525,0.12812553,0
3526,0.12784002,0
3527,0.12797549,0
3528,0.1263106,0
3529,0.12546938,0
3530,0.1245712,0
3531,0.12389387,0
3532,0.12201764,0
3533,0.12043172,0
3534,0.11903796,0
3535,0.11625288,0
3536,0.11455173,0
3537,0.1117332,0
3538,0.10833159,0
3539,0.1046844,0
3540,0.1006545,0
3541,0.096380234,0
3542,0.093932005,0
3543,0.090261609,0
3544,0.087741831,0
3545,0.084457644,0
3546,0.082139745,0
3547,0.077760223,0
3548,0.074394578,0
3549,0.070862127,0
3550,0.06838631,0
3551,0.065657537,0
3552,0.063096837,0
3553,0.060563516,0
3554,0.059138705,0
3555,0.057597836,0
3556,0.056645142,0
3557,0.05432133,0
3558,0.054045672,0
3559,0.053684333,0
3560,0.052407429,0
3561,0.051992132,0
3562,0.052541218,0
3563,0.054416909,0
3564,0.055624748,0
3565,0.055677036,0
3566,0.055544227,0
3567,0.057245168,0
3568,0.059591482,0
3569,0.061211759,0
3570,0.062904466,0
3571,0.066263413,0
3572,0.069174976,0
3573,0.07202231,0
3574,0.07445301,0
3575,0.078836486,0
3576,0.081389963,0
3577,0.083358788,0
3578,0.084681291,0
3579,0.086355712,0
3580,0.085929106,0
3581,0.085459498,0
3582,0.083875972,0
3583,0.083819913,0
3584,0.08209468,0
3585,0.078512029,0
3586,0.07665341,0
3587,0.07363696,0
3588,0.070891944,0
3589,0.068156423,0
3590,0.065847633,0
3591,0.062367908,0
3592,0.060999075,0
3593,0.058001923,0
3594,0.055886565,0
3595,0.052839413,0
3596,0.051269213,0
3597,0.04890751,0
3598,0.046845015,0
3599,0.043972047,0
3600,0.043007742,0
3601,0.041602748,0
3602,0.040503121,0
3603,0.039590503,0
3604,0.03795256,0
3605,0.037743899,0
3606,0.037109432,0
3607,0.036979222,0
3608,0.036523981,0
3609,0.03638291,0
3610,0.035917527,0
3611,0.037052646,0
3612,0.036312279,0
3613,0.035947534,0
3614,0.036086008,0
3615,0.036459889,0
3616,0.036995688,0
3617,0.037785856,0
3618,0.037910263,0
3619,0.036442217,0
3620,0.037991078,0
3621,0.038672189,0
3622,0.037888708,0
3623,0.037511069,0
3624,0.03660364,0
3625,0.03703162,0
3626,0.036576715,0
3627,0.037090789,0
3628,0.036922276,0
3629,0.036445693,0
3630,0.035993421,0
3631,0.03632246,0
3632,0.036462266,0
3633,0.037697446,0
3634,0.037097956,0
3635,0.036654962,0
3636,0.037240081,0
3637,0.036755661,0
3638,0.03734582,0
3639,0.037576641,0
3640,0.036880857,0
3641,0.037542127,0
3642,0.038029059,0
3643,0.037193706,0
3644,0.038363673,0
3645,0.038934019,0
3646,0.038763514,0
3647,0.037538868,0
3648,0.036626971,0
3649,0.036322988,0
3650,0.037468078,0
3651,0.037012277,0
3652,0.036491932,0
3653,0.037582865,0
3654,0.036878458,0
3655,0.039164854,0
3656,0.038933489,0
3657,0.038790592,0
3658,0.040328683,0
3659,0.040846087,0
3660,0.041118047,0
3661,0.039793225,0
3662,0.039541113,0
3663,0.039899393,0
3664,0.040115225,0
3665,0.040112404,0
3666,0.038818019,0
3667,0.038167107,0
3668,0.038087231,0
3669,0.039078856,0
3670,0.03995977,0
3671,0.039843739,0
3672,0.03980335,0
3673,0.038791495,0
3674,0.039208164,0
3675,0.041421791,0
3676,0.040355413,0
3677,0.040016106,0
3678,0.038273492,0
3679,0.039247904,0
3680,0.039298,0
3681,0.039029587,0
3682,0.040514046,0
3683,0.040233799,0
3684,0.040899585,0
3685,0.040304903,0
3686,0.041136945,0
3687,0.0406291,0
3688,0.040970676,0
3689,0.041077081,0
3690,0.041367483,0
3691,0.041316784,0
3692,0.041255666,0
3693,0.043306676,0
3694,0.042560575,0
3695,0.042007507,0
3696,0.041317488,0
3697,0.041516848,0
3698,0.041718485,0
3699,0.043442674,0
3700,0.043703689,0
3701,0.043229443,0
3702,0.043427847,0
3703,0.044022868,0
3704,0.0444404,0
3705,0.044993014,0
3706,0.044111627,0
3707,0.044200799,0
3708,0.046189768,0
3709,0.045685809,0
3710,0.046544658,0
3711,0.047731281,0
3712,0.050689347,0
3713,0.052276082,0
3714,0.054425873,0
3715,0.056260364,0
3716,0.059312154,0
3717,0.062224474,0
3718,0.066041723,0
3719,0.069900887,0
3720,0.072297052,0
3721,0.076064801,0
3722,0.080052252,0
3723,0.08330506,0
3724,0.088559506,0
3725,0.092273874,0
3726,0.095096237,0
3727,0.10025687,0
3728,0.10447506,0
3729,0.10897572,0
3730,0.11133732,0
3731,0.11342739,0
3732,0.11616243,0
3733,0.11802789,0
3734,0.12027806,0
3735,0.12119316,0
3736,0.12331353,0
3737,0.12364071,0
3738,0.12428389,0
3739,0.12403002,0
3740,0.1231071,0
3741,0.12325767,0
3742,0.1233294,0
3743,0.12083835,0
3744,0.11722898,0
3745,0.11750221,0
3746,0.11533898,0
3747,0.11397826,0
3748,0.112019,0
3749,0.10991206,0
3750,0.10697194,0
3751,0.1057142,0
3752,0.10475684,0
3753,0.10156183,0
3754,0.097727463,0
3755,0.094049641,0
3756,0.090733503,0
3757,0.087823947,0
3758,0.085446204,0
3759,0.082140566,0
3760,0.078881664,0
3761,0.076067979,0
3762,0.073234285,0
3763,0.06987022,0
3764,0.067721595,0
3765,0.06591636,0
3766,0.063106193,0
3767,0.059809333,0
3768,0.05877019,0
3769,0.055928732,0
3770,0.055121308,0
3771,0.05479463,0
3772,0.053993297,0
3773,0.053236407,0
3774,0.054205867,0
3775,0.052833321,0
3776,0.052612639,0
3777,0.052919054,0
3778,0.052980432,0
3779,0.053339106,0
3780,0.054772595,0
3781,0.057560097,0
3782,0.061141516,0
3783,0.063102907,0
3784,0.06500145,0
3785,0.067954667,0
3786,0.071430859,0
3787,0.074908606,0
3788,0.078593008,0
3789,0.081985893,0
3790,0.085708473,0
3791,0.088837116,0
3792,0.090033247,0
3793,0.091120239,0
3794,0.092377731,0
3795,0.093932312,0
3796,0.093669737,0
3797,0.092645366,0
3798,0.091171545,0
3799,0.089303409,0
3800,0.088212257,0
3801,0.08622103,0
3802,0.083172022,0
3803,0.079578627,0
3804,0.076559362,0
3805,0.075720603,0
3806,0.071845388,0
3807,0.069407291,0
3808,0.06651983,0
3809,0.062968813,0
3810,0.058955445,0
3811,0.057507167,0
3812,0.0550297,0
3813,0.051992407,0
3814,0.05031046,0
3815,0.047865991,0
3816,0.044666096,0
3817,0.043797558,0
3818,0.043347054,0
3819,0.041126036,0
3820,0.041124235,0
3821,0.039615839,0
3822,0.038824985,0
3823,0.03806025,0
3824,0.036341063,0
3825,0.035140792,0
3826,0.035583219,0
3827,0.035224241,0
3828,0.035370993,0
3829,0.035439923,0
3830,0.035699054,0
3831,0.035981017,0
3832,0.035305802,0
3833,0.035512794,0
3834,0.037086699,0
3835,0.037786136,0
3836,0.03728415,0
3837,0.036920996,0
3838,0.037202186,0
3839,0.036152797,0
3840,0.035452103,0
3841,0.035814827,0
3842,0.035852955,0
3843,0.036049165,0
3844,0.036194915,0
3845,0.037196444,0
3846,0.037273916,0
3847,0.038208683,0
3848,0.0386344,0
3849,0.038790523,0
3850,0.038385741,0
3851,0.037126709,0
3852,0.037299439,0
3853,0.037581249,0
3854,0.038269289,0
3855,0.03782317,0
3856,0.036314145,0
3857,0.03738833,0
3858,0.036827622,0
3859,0.036606536,0
3860,0.036118242,0
3861,0.036652962,0
3862,0.03662745,0
3863,0.036316403,0
3864,0.036927256,0
3865,0.036716985,0
3866,0.03694288,0
3867,0.037295161,0
3868,0.03705959,0
3869,0.036487224,0
3870,0.038268476,0
3871,0.038260791,0
3872,0.039225704,0
3873,0.039080218,0
3874,0.03854173,0
3875,0.039661949,0
3876,0.040535509,0
3877,0.040262384,0
3878,0.040418867,0
3879,0.039425453,0
3880,0.039736443,0
3881,0.039441517,0
3882,0.039278556,0
3883,0.039810341,0
3884,0.040168904,0
3885,0.041065607,0
3886,0.041967715,0
3887,0.042190207,0
3888,0.041287442,0
3889,0.040406277,0
3890,0.041441945,0
3891,0.041675633,0
3892,0.041447683,0
3893,0.041162568,0
3894,0.040525134,0
3895,0.041418517,0
3896,0.040314056,0
3897,0.040529234,0
3898,0.039386756,0
3899,0.039873714,0
3900,0.039367193,0
3901,0.039578541,0
3902,0.04028024,0
3903,0.040342339,0
3904,0.040895985,0
3905,0.040738485,0
3906,0.041090765,0
3907,0.040947065,0
3908,0.040625681,0
3909,0.042159582,0
3910,0.04134692,0
3911,0.041534216,0
3912,0.041354901,0
3913,0.040157605,0
3914,0.041104771,0
3915,0.040594799,0
3916,0.041380275,0
3917,0.040512501,0
3918,0.040781209,0
3919,0.042290002,0
3920,0.042985149,0
3921,0.042533172,0
3922,0.043532274,0
3923,0.043167257,0
3924,0.043923415,0
3925,0.045219794,0
3926,0.046964382,0
3927,0.047957354,0
3928,0.049918534,0
3929,0.052011365,0
3930,0.054022493,0
3931,0.056183808,0
3932,0.059678007,0
3933,0.06255491,0
3934,0.065457773,0
3935,0.068065339,0
3936,0.07115865,0
3937,0.074053774,0
3938,0.078448795,0
3939,0.082447767,0
3940,0.087019114,0
3941,0.091255002,0
3942,0.095449513,0
3943,0.098350747,0
3944,0.10214035,0
3945,0.1058807,0
3946,0.10890841,0
3947,0.11278665,0
3948,0.11504161,0
3949,0.11762279,0
3950,0.12054775,0
3951,0.12263832,0
3952,0.12528461,0
3953,0.12622881,0
3954,0.12734574,0
3955,0.12722169,0
3956,0.12681994,0
3957,0.12709796,0
3958,0.127099,0
3959,0.12653207,0
3960,0.12555519,0
3961,0.12494108,0
3962,0.12398852,0
3963,0.12226119,0
3964,0.12035302,0
3965,0.11783714,0
3966,0.11675635,0
3967,0.11346271,0
3968,0.11255336,0
3969,0.11027769,0
3970,0.10655571,0
3971,0.10381454,0
3972,0.10143759,0
3973,0.098437746,0
3974,0.095447775,0
3975,0.09140532,0
3976,0.087382741,0
3977,0.082266962,0
3978,0.078756834,0
3979,0.075728174,0
3980,0.072506412,0
3981,0.070582153,0
3982,0.068362756,0
3983,0.065793112,0
3984,0.062607717,0
3985,0.060212565,0
3986,0.05844889,0
3987,0.05609808,0
3988,0.055462243,0
3989,0.053656432,0
3990,0.054821674,0
3991,0.053194131,0
3992,0.052694317,0
3993,0.053160236,0
3994,0.055481535,0
3995,0.05731504,0
3996,0.059872192,0
3997,0.061466272,0
3998,0.064003089,0
3999,0.067200916,0
